name,type,prefab,rotYaxis,worldX,worldY,terrainX,terrainY,locationID,region,gisX,gisY,climate,altitude,sink
Rocks,1,WOD_Rocks_Round_Small_07,-5,515,5,35,79,515350435,Phrygias,515.2734375,-5.3828125,1.0,4.0,0.25
Rocks,1,WOD_Rocks_Round_Small_06,36,479,28,81,109,479812765,Phrygias,479.6328125,-28.1484375,2.0,4.0,0.25
Rocks,1,WOD_Rocks_Round_Small_05,116,571,2,24,90,571240146,Phrygias,571.1875,-2.296875,4.0,4.0,0.25
Rocks,1,WOD_Rocks_Round_Small_08,98,587,15,123,10,5871231593,Phrygias,587.9609375,-15.921875,4.0,4.0,0.25
Rocks,1,WOD_Rocks_Round_Small_06,87,587,18,111,123,5871111779,Phrygias,587.8671875,-18.0390625,4.0,4.0,0.25
Rocks,1,WOD_Rocks_Round_Small_07,162,529,9,111,120,5291110876,Phrygias,529.8671875,-9.0625,1.0,4.0,0.25
Rocks,1,WOD_Rocks_Round_Small_08,-66,474,21,54,85,474542041,Phrygias,474.421875,-21.3359375,2.0,4.0,0.25
Rocks,1,WOD_Rocks_Round_Small_04,80,577,5,26,22,5772605105,Phrygias,577.203125,-5.828125,4.0,4.0,0.25
Rocks,1,WOD_Rocks_Round_Small_10,-5,511,6,6,44,5110606127,Phrygias,511.046875,-6.65625,1.0,4.0,0.25
Rocks,1,WOD_Rocks_Round_Small_06,-7,601,3,127,84,6011270240,Phrygias,601.9921875,-3.34375,4.0,4.0,0.25
Rocks,1,WOD_Rocks_Round_Small_10,-10,585,17,127,53,5851271609,Phrygias,585.9921875,-17.5859375,4.0,4.0,0.25
Rocks,1,WOD_Rocks_Round_Small_10,3,486,28,44,42,4864428125,Phrygias,486.34375,-28.671875,2.0,4.0,0.25
Rocks,1,WOD_Rocks_Round_Small_07,48,509,0,10,17,5091000100,Phrygias,509.078125,-0.8671875,1.0,4.0,0.25
Rocks,1,WOD_Rocks_Round_Small_10,-11,531,8,37,116,531370772,Phrygias,531.2890625,-8.09375,1.0,4.0,0.25
Rocks,1,WOD_Rocks_Round_Small_04,145,537,8,14,7,537140890,Phrygias,537.109375,-8.9453125,1.0,4.0,0.25
Rocks,1,WOD_Rocks_Round_Small_02,143,473,23,51,77,473512233,Phrygias,473.3984375,-23.3984375,2.0,4.0,0.25
Rocks,1,WOD_Rocks_Round_Small_02,-106,600,7,64,81,600640637,Phrygias,600.5,-7.3671875,4.0,4.0,0.25
Rocks,1,WOD_Rocks_Round_Small_06,73,587,12,68,41,5876812124,Phrygias,587.53125,-12.6796875,4.0,4.0,0.25
Rocks,1,WOD_Rocks_Round_Small_05,-5,538,5,63,61,538630417,Phrygias,538.4921875,-5.5234375,1.0,4.0,0.25
Rocks,1,WOD_Rocks_Round_Small_01,132,524,6,124,23,52412406106,Phrygias,524.96875,-6.8203125,1.0,4.0,0.25
Rocks,1,WOD_Rocks_Round_Small_01,166,583,15,115,70,5831151426,Phrygias,583.8984375,-15.453125,4.0,4.0,0.25
Rocks,1,WOD_Rocks_Round_Small_03,-157,603,26,56,9,603562692,Phrygias,603.4375,-26.9296875,4.0,4.0,0.25
Rocks,1,WOD_Rocks_Round_Small_02,-142,529,7,50,118,529500674,Phrygias,529.390625,-7.078125,1.0,4.0,0.25
Rocks,1,WOD_Rocks_Round_Small_03,161,582,2,114,33,58211402116,Phrygias,582.890625,-2.7421875,4.0,4.0,0.25
Rocks,1,WOD_Rocks_Round_Small_01,-113,503,1,100,8,5031000191,Phrygias,503.78125,-1.9375,1.0,4.0,0.25
Rocks,1,WOD_Rocks_Round_Small_05,-166,507,5,115,4,5071150587,Phrygias,507.8984375,-5.96875,1.0,4.0,0.25
Rocks,1,WOD_Rocks_Round_Small_07,-88,572,8,38,47,572380703,Phrygias,572.296875,-8.6328125,4.0,4.0,0.25
Rocks,1,WOD_Rocks_Round_Small_09,65,479,25,99,7,479992590,Phrygias,479.7734375,-25.9453125,2.0,4.0,0.25
Rocks,1,WOD_Rocks_Round_Small_02,60,512,5,36,41,5123605124,Phrygias,512.28125,-5.6796875,1.0,4.0,0.25
Rocks,1,WOD_Rocks_Round_Small_06,39,548,13,127,102,5481271258,Phrygias,548.9921875,-13.203125,1.0,4.0,0.25
Rocks,1,WOD_Rocks_Round_Small_10,-114,480,21,31,96,480312052,Phrygias,480.2421875,-21.25,2.0,4.0,0.25
Rocks,1,WOD_Rocks_Round_Small_02,149,531,3,69,18,5316903101,Phrygias,531.5390625,-3.859375,1.0,4.0,0.25
Rocks,1,WOD_Rocks_Round_Small_05,-100,463,27,5,89,463052645,Phrygias,463.0390625,-27.3046875,2.0,4.0,0.25
Rocks,1,WOD_Rocks_Round_Small_05,-65,585,3,74,121,585740277,Phrygias,585.578125,-3.0546875,4.0,4.0,0.25
Rocks,1,WOD_Rocks_Round_Small_03,-98,573,2,41,79,573410135,Phrygias,573.3203125,-2.3828125,4.0,4.0,0.25
Rocks,1,WOD_Rocks_Round_Small_06,-68,570,9,45,27,5704509110,Phrygias,570.3515625,-9.7890625,4.0,4.0,0.25
Rocks,1,WOD_Rocks_Round_Small_10,-81,517,2,115,36,51711502119,Phrygias,517.8984375,-2.71875,1.0,4.0,0.25
Rocks,1,WOD_Rocks_Round_Small_07,34,478,24,91,107,478912363,Phrygias,478.7109375,-24.1640625,2.0,4.0,0.25
Rocks,1,WOD_Rocks_Round_Small_02,-59,526,5,0,41,5260005124,Phrygias,526.0,-5.6796875,1.0,4.0,0.25
Rocks,1,WOD_Rocks_Round_Small_10,-161,474,26,93,67,474932523,Phrygias,474.7265625,-26.4765625,2.0,4.0,0.25
Rocks,1,WOD_Rocks_Round_Small_06,133,483,19,115,42,48311519125,Phrygias,483.8984375,-19.671875,2.0,4.0,0.25
Rocks,1,WOD_Rocks_Round_Small_02,147,515,5,46,63,515460419,Phrygias,515.359375,-5.5078125,1.0,4.0,0.25
Rocks,1,WOD_Rocks_Round_Small_02,-67,581,3,55,63,581550219,Phrygias,581.4296875,-3.5078125,4.0,4.0,0.25
Rocks,1,WOD_Rocks_Round_Small_09,-153,606,2,5,9,606050292,Phrygias,606.0390625,-2.9296875,4.0,4.0,0.25
Rocks,1,WOD_Rocks_Round_Small_05,142,475,24,40,98,475402354,Phrygias,475.3125,-24.234375,2.0,4.0,0.25
Rocks,1,WOD_Rocks_Round_Small_09,17,575,6,12,27,5751206110,Phrygias,575.09375,-6.7890625,4.0,4.0,0.25
Rocks,1,WOD_Rocks_Round_Small_10,97,535,6,70,49,535700505,Phrygias,535.546875,-6.6171875,1.0,4.0,0.25
Rocks,1,WOD_Rocks_Round_Small_02,14,571,8,69,33,5716908116,Phrygias,571.5390625,-8.7421875,4.0,4.0,0.25
Rocks,1,WOD_Rocks_Round_Small_05,93,604,5,15,125,604150481,Phrygias,604.1171875,-5.0234375,4.0,4.0,0.25
Rocks,1,WOD_Rocks_Round_Small_05,79,511,1,24,111,511240067,Phrygias,511.1875,-1.1328125,1.0,4.0,0.25
Rocks,1,WOD_Rocks_Round_Small_10,-17,603,3,59,47,603590203,Phrygias,603.4609375,-3.6328125,4.0,4.0,0.25
Rocks,1,WOD_Rocks_Round_Small_02,-167,586,14,60,26,5866014109,Phrygias,586.46875,-14.796875,4.0,4.0,0.25
Rocks,1,WOD_Rocks_Round_Small_02,74,584,12,59,91,584591147,Phrygias,584.4609375,-12.2890625,4.0,4.0,0.25
Rocks,1,WOD_Rocks_Round_Small_02,-168,588,9,1,53,588010809,Phrygias,588.0078125,-9.5859375,4.0,4.0,0.25
Rocks,1,WOD_Rocks_Round_Small_07,-149,478,22,76,123,478762179,Phrygias,478.59375,-22.0390625,2.0,4.0,0.25
Rocks,1,WOD_Rocks_Round_Small_03,92,586,14,72,3,586721486,Phrygias,586.5625,-14.9765625,4.0,4.0,0.25
Rocks,1,WOD_Rocks_Round_Small_02,86,535,8,127,57,5351270713,Phrygias,535.9921875,-8.5546875,1.0,4.0,0.25
Rocks,1,WOD_Rocks_Round_Small_08,64,476,22,105,4,4761052287,Phrygias,476.8203125,-22.96875,2.0,4.0,0.25
Rocks,1,WOD_Rocks_Round_Small_01,-178,530,6,61,3,530610686,Phrygias,530.4765625,-6.9765625,1.0,4.0,0.25
Rocks,1,WOD_Rocks_Round_Small_10,-149,585,24,32,114,585322370,Phrygias,585.25,-24.109375,1.0,4.0,0.25
Rocks,1,WOD_Rocks_Round_Small_06,69,527,4,108,120,5271080376,Phrygias,527.84375,-4.0625,1.0,4.0,0.25
Rocks,1,WOD_Rocks_Round_Small_10,75,532,6,60,117,532600573,Phrygias,532.46875,-6.0859375,1.0,4.0,0.25
Rocks,1,WOD_Rocks_Round_Small_10,4,519,2,88,80,519880136,Phrygias,519.6875,-2.375,1.0,4.0,0.25
Rocks,1,WOD_Rocks_Round_Small_02,-3,605,9,113,44,60511309127,Phrygias,605.8828125,-9.65625,4.0,4.0,0.25
Rocks,1,WOD_Rocks_Round_Small_04,-152,487,22,14,7,487142290,Phrygias,487.109375,-22.9453125,2.0,4.0,0.25
Rocks,1,WOD_Rocks_Round_Small_01,86,508,1,73,96,508730052,Phrygias,508.5703125,-1.25,1.0,4.0,0.25
Rocks,1,WOD_Rocks_Round_Small_06,-31,577,9,86,7,577860990,Phrygias,577.671875,-9.9453125,4.0,4.0,0.25
Rocks,1,WOD_Rocks_Round_Small_05,-76,517,7,12,64,517120620,Phrygias,517.09375,-7.5,1.0,4.0,0.25
Rocks,1,WOD_Rocks_Round_Small_02,-163,576,16,40,44,576401500,Phrygias,576.3125,-16.65625,1.0,4.0,0.25
Rocks,1,WOD_Rocks_Round_Small_09,-101,478,20,60,12,478602095,Phrygias,478.46875,-20.90625,2.0,4.0,0.25
Rocks,1,WOD_Rocks_Round_Small_10,147,576,5,64,0,576640583,Phrygias,576.5,-6.0,4.0,4.0,0.25
Rocks,1,WOD_Rocks_Round_Small_04,-97,557,14,5,80,557051336,Phrygias,557.0390625,-14.375,1.0,4.0,0.25
Rocks,1,WOD_Rocks_Round_Small_10,-140,586,20,90,1,586902084,Phrygias,586.703125,-20.9921875,4.0,4.0,0.25
Rocks,1,WOD_Rocks_Round_Small_06,-156,599,7,90,118,599900674,Phrygias,599.703125,-7.078125,4.0,4.0,0.25
Rocks,1,WOD_Rocks_Round_Small_02,100,451,30,49,105,451492961,Phrygias,451.3828125,-30.1796875,1.0,4.0,0.25
Rocks,1,WOD_Rocks_Round_Small_08,-96,523,7,63,126,523630682,Phrygias,523.4921875,-7.015625,1.0,4.0,0.25
Rocks,1,WOD_Rocks_Round_Small_10,32,532,8,45,108,532450764,Phrygias,532.3515625,-8.15625,1.0,4.0,0.25
Rocks,1,WOD_Rocks_Round_Small_05,47,471,25,106,107,4711062463,Phrygias,471.828125,-25.1640625,2.0,4.0,0.25
Rocks,1,WOD_Rocks_Round_Small_03,86,587,8,67,4,587670887,Phrygias,587.5234375,-8.96875,4.0,4.0,0.25
Rocks,1,WOD_Rocks_Round_Small_09,147,527,8,115,40,52711508123,Phrygias,527.8984375,-8.6875,1.0,4.0,0.25
Rocks,1,WOD_Rocks_Round_Small_10,-95,556,14,124,56,5561241312,Phrygias,556.96875,-14.5625,1.0,4.0,0.25
Rocks,1,WOD_Rocks_Round_Small_05,-19,483,29,33,126,483332882,Phrygias,483.2578125,-29.015625,2.0,4.0,0.25
Rocks,1,WOD_Rocks_Round_Small_03,127,593,24,63,39,5936324122,Phrygias,593.4921875,-24.6953125,4.0,4.0,0.25
Rocks,1,WOD_Rocks_Round_Small_09,-100,585,21,58,8,585582191,Phrygias,585.453125,-21.9375,4.0,4.0,0.25
Rocks,1,WOD_Rocks_Round_Small_02,-174,566,7,81,17,5668107100,Phrygias,566.6328125,-7.8671875,4.0,4.0,0.25
Rocks,1,WOD_Rocks_Round_Small_08,-63,546,9,83,64,546830820,Phrygias,546.6484375,-9.5,1.0,4.0,0.25
Rocks,1,WOD_Rocks_Round_Small_03,-172,521,2,92,90,521920146,Phrygias,521.71875,-2.296875,1.0,4.0,0.25
Rocks,1,WOD_Rocks_Round_Small_04,-149,484,26,101,33,48410126116,Phrygias,484.7890625,-26.7421875,2.0,4.0,0.25
Rocks,1,WOD_Rocks_Round_Small_08,-62,472,24,27,50,472272306,Phrygias,472.2109375,-24.609375,2.0,4.0,0.25
Rocks,1,WOD_Rocks_Round_Small_05,-23,516,3,44,32,5164403115,Phrygias,516.34375,-3.75,1.0,4.0,0.25
Rocks,1,WOD_Rocks_Round_Small_06,108,602,25,69,80,602692436,Phrygias,602.5390625,-25.375,4.0,4.0,0.25
Rocks,1,WOD_Rocks_Round_Small_03,135,459,28,81,80,459812736,Phrygias,459.6328125,-28.375,1.0,4.0,0.25
Rocks,1,WOD_Rocks_Round_Small_03,22,582,2,128,109,5821280165,Phrygias,583.0,-2.1484375,4.0,4.0,0.25
Rocks,1,WOD_Rocks_Round_Small_08,155,511,7,74,100,511740656,Phrygias,511.578125,-7.21875,1.0,4.0,0.25
Rocks,1,WOD_Rocks_Round_Small_06,-13,546,12,60,73,546601129,Phrygias,546.46875,-12.4296875,1.0,4.0,0.25
Rocks,1,WOD_Rocks_Round_Small_02,54,549,15,46,99,549461455,Phrygias,549.359375,-15.2265625,1.0,4.0,0.25
Rocks,1,WOD_Rocks_Round_Small_09,-135,546,8,76,90,546760746,Phrygias,546.59375,-8.296875,1.0,4.0,0.25
Rocks,1,WOD_Rocks_Round_Small_07,110,485,21,33,8,485332191,Phrygias,485.2578125,-21.9375,2.0,4.0,0.25
Rocks,1,WOD_Rocks_Round_Small_02,-95,486,25,28,57,486282413,Phrygias,486.21875,-25.5546875,2.0,4.0,0.25
Rocks,1,WOD_Rocks_Round_Small_04,-34,471,27,14,1,471142784,Phrygias,471.109375,-27.9921875,2.0,4.0,0.25
Rocks,1,WOD_Rocks_Round_Small_04,-176,581,20,45,73,581451929,Phrygias,581.3515625,-20.4296875,4.0,4.0,0.25
Rocks,1,WOD_Rocks_Round_Small_06,169,568,8,56,100,568560756,Phrygias,568.4375,-8.21875,4.0,4.0,0.25
Rocks,1,WOD_Rocks_Round_Small_05,-171,507,3,29,91,507290247,Phrygias,507.2265625,-3.2890625,1.0,4.0,0.25
Rocks,1,WOD_Rocks_Round_Small_09,-164,482,25,127,77,4821272433,Phrygias,482.9921875,-25.3984375,2.0,4.0,0.25
Rocks,1,WOD_Rocks_Round_Small_04,-134,576,2,56,121,576560177,Phrygias,576.4375,-2.0546875,4.0,4.0,0.25
Rocks,1,WOD_Rocks_Round_Small_01,8,503,1,32,86,503320042,Phrygias,503.25,-1.328125,1.0,4.0,0.25
Rocks,1,WOD_Rocks_Round_Small_05,-63,525,3,64,14,525640397,Phrygias,525.5,-3.890625,1.0,4.0,0.25
Rocks,1,WOD_Rocks_Round_Small_10,-127,545,8,127,19,54512708102,Phrygias,545.9921875,-8.8515625,1.0,4.0,0.25
Rocks,1,WOD_Rocks_Round_Small_03,-75,594,25,96,48,594962404,Phrygias,594.75,-25.625,4.0,4.0,0.25
Rocks,1,WOD_Rocks_Round_Small_02,109,598,1,37,112,598370068,Phrygias,598.2890625,-1.125,4.0,4.0,0.25
Rocks,1,WOD_Rocks_Round_Small_05,59,602,26,76,71,602762527,Phrygias,602.59375,-26.4453125,4.0,4.0,0.25
Rocks,1,WOD_Rocks_Round_Small_08,17,487,22,14,57,487142113,Phrygias,487.109375,-22.5546875,2.0,4.0,0.25
Rocks,1,WOD_Rocks_Round_Small_03,-154,511,4,95,41,5119504124,Phrygias,511.7421875,-4.6796875,1.0,4.0,0.25
Rocks,1,WOD_Rocks_Round_Small_03,-90,597,5,122,105,5971220461,Phrygias,597.953125,-5.1796875,4.0,4.0,0.25
Rocks,1,WOD_Rocks_Round_Small_05,98,531,6,3,41,5310306124,Phrygias,531.0234375,-6.6796875,1.0,4.0,0.25
Rocks,1,WOD_Rocks_Round_Small_01,-7,484,23,45,85,484452241,Phrygias,484.3515625,-23.3359375,2.0,4.0,0.25
Rocks,1,WOD_Rocks_Round_Small_07,-69,539,6,97,30,5399706113,Phrygias,539.7578125,-6.765625,1.0,4.0,0.25
Rocks,1,WOD_Rocks_Round_Small_10,34,597,5,15,82,597150438,Phrygias,597.1171875,-5.359375,4.0,4.0,0.25
Rocks,1,WOD_Rocks_Round_Small_04,100,576,5,92,41,5769205124,Phrygias,576.71875,-5.6796875,4.0,4.0,0.25
Rocks,1,WOD_Rocks_Round_Small_03,173,572,15,1,1,572011584,Phrygias,572.0078125,-15.9921875,1.0,4.0,0.25
Rocks,1,WOD_Rocks_Round_Small_04,44,587,17,86,68,587861624,Phrygias,587.671875,-17.46875,4.0,4.0,0.25
Rocks,1,WOD_Rocks_Round_Small_07,128,463,26,9,61,463092517,Phrygias,463.0703125,-26.5234375,2.0,4.0,0.25
Rocks,1,WOD_Rocks_Round_Small_09,-155,518,4,99,44,518990300,Phrygias,518.7734375,-4.65625,1.0,4.0,0.25
Rocks,1,WOD_Rocks_Round_Small_05,12,577,6,41,105,577410561,Phrygias,577.3203125,-6.1796875,4.0,4.0,0.25
Rocks,1,WOD_Rocks_Round_Small_03,-1,528,5,106,66,5281060422,Phrygias,528.828125,-5.484375,1.0,4.0,0.25
Rocks,1,WOD_Rocks_Round_Small_06,-148,484,21,96,90,484962046,Phrygias,484.75,-21.296875,2.0,4.0,0.25
Rocks,1,WOD_Rocks_Round_Small_05,-65,598,5,101,66,5981010422,Phrygias,598.7890625,-5.484375,4.0,4.0,0.25
Rocks,1,WOD_Rocks_Round_Small_02,-77,463,29,10,16,463102999,Phrygias,463.078125,-29.875,1.0,4.0,0.25
Rocks,1,WOD_Rocks_Round_Small_05,-81,585,19,115,123,5851151879,Phrygias,585.8984375,-19.0390625,4.0,4.0,0.25
Rocks,1,WOD_Rocks_Round_Small_09,144,471,26,18,126,471182582,Phrygias,471.140625,-26.015625,2.0,4.0,0.25
Rocks,1,WOD_Rocks_Round_Small_03,-113,571,8,111,108,5711110764,Phrygias,571.8671875,-8.15625,4.0,4.0,0.25
Rocks,1,WOD_Rocks_Round_Small_02,-105,534,6,124,14,5341240697,Phrygias,534.96875,-6.890625,1.0,4.0,0.25
Rocks,1,WOD_Rocks_Round_Small_02,142,518,2,23,89,518230145,Phrygias,518.1796875,-2.3046875,1.0,4.0,0.25
Rocks,1,WOD_Rocks_Round_Small_04,24,575,9,45,1,575450984,Phrygias,575.3515625,-9.9921875,4.0,4.0,0.25
Rocks,1,WOD_Rocks_Round_Small_04,2,580,3,5,105,580050261,Phrygias,580.0390625,-3.1796875,4.0,4.0,0.25
Rocks,1,WOD_Rocks_Round_Small_07,-156,484,21,38,21,4843821104,Phrygias,484.296875,-21.8359375,2.0,4.0,0.25
Rocks,1,WOD_Rocks_Round_Small_10,-136,532,6,29,56,532290512,Phrygias,532.2265625,-6.5625,1.0,4.0,0.25
Rocks,1,WOD_Rocks_Round_Small_10,-164,537,7,96,8,537960791,Phrygias,537.75,-7.9375,1.0,4.0,0.25
Rocks,1,WOD_Rocks_Round_Small_08,-57,569,9,33,108,569330864,Phrygias,569.2578125,-9.15625,4.0,4.0,0.25
Rocks,1,WOD_Rocks_Round_Small_03,-37,588,12,56,95,588561151,Phrygias,588.4375,-12.2578125,4.0,4.0,0.25
Rocks,1,WOD_Rocks_Round_Small_01,105,480,25,46,98,480462454,Phrygias,480.359375,-25.234375,2.0,4.0,0.25
Rocks,1,WOD_Rocks_Round_Small_03,-29,575,7,38,96,575380652,Phrygias,575.296875,-7.25,4.0,4.0,0.25
Rocks,1,WOD_Rocks_Round_Small_02,36,587,15,109,85,5871091441,Phrygias,587.8515625,-15.3359375,4.0,4.0,0.25
Rocks,1,WOD_Rocks_Round_Small_02,-115,582,24,3,96,582032352,Phrygias,582.0234375,-24.25,1.0,4.0,0.25
Rocks,1,WOD_Rocks_Round_Small_04,120,484,27,99,19,4849927102,Phrygias,484.7734375,-27.8515625,2.0,4.0,0.25
Rocks,1,WOD_Rocks_Round_Small_04,69,539,8,63,13,539630896,Phrygias,539.4921875,-8.8984375,1.0,4.0,0.25
Rocks,1,WOD_Rocks_Round_Small_07,10,450,29,124,49,4501242805,Phrygias,450.96875,-29.6171875,1.0,4.0,0.25
Rocks,1,WOD_Rocks_Round_Small_02,-21,484,28,100,116,4841002772,Phrygias,484.78125,-28.09375,2.0,4.0,0.25
Rocks,1,WOD_Rocks_Round_Small_05,118,469,25,106,3,4691062586,Phrygias,469.828125,-25.9765625,2.0,4.0,0.25
Rocks,1,WOD_Rocks_Round_Small_03,-4,600,1,54,98,600540054,Phrygias,600.421875,-1.234375,4.0,4.0,0.25
Rocks,1,WOD_Rocks_Round_Small_05,-67,543,8,97,84,543970740,Phrygias,543.7578125,-8.34375,1.0,4.0,0.25
Rocks,1,WOD_Rocks_Round_Small_05,146,539,9,14,23,5391409106,Phrygias,539.109375,-9.8203125,1.0,4.0,0.25
Rocks,1,WOD_Rocks_Round_Small_02,177,478,21,87,41,4788721124,Phrygias,478.6796875,-21.6796875,2.0,4.0,0.25
Rocks,1,WOD_Rocks_Round_Small_05,-157,575,6,64,118,575640574,Phrygias,575.5,-6.078125,4.0,4.0,0.25
Rocks,1,WOD_Rocks_Round_Small_05,-2,579,11,41,45,5794111128,Phrygias,579.3203125,-11.6484375,4.0,4.0,0.25
Rocks,1,WOD_Rocks_Round_Small_07,-108,606,1,91,112,606910068,Phrygias,606.7109375,-1.125,4.0,4.0,0.25
Rocks,1,WOD_Rocks_Round_Small_05,-12,482,29,115,14,4821152997,Phrygias,482.8984375,-29.890625,2.0,4.0,0.25
Rocks,1,WOD_Rocks_Round_Small_02,-47,475,22,31,33,4753122116,Phrygias,475.2421875,-22.7421875,2.0,4.0,0.25
Rocks,1,WOD_Rocks_Round_Small_07,162,502,2,29,23,5022902106,Phrygias,502.2265625,-2.8203125,1.0,4.0,0.25
Rocks,1,WOD_Rocks_Round_Small_09,0,605,27,76,120,605762676,Phrygias,605.59375,-27.0625,4.0,4.0,0.25
Rocks,1,WOD_Rocks_Round_Small_08,128,577,4,70,95,577700351,Phrygias,577.546875,-4.2578125,4.0,4.0,0.25
Rocks,1,WOD_Rocks_Round_Small_07,-103,465,26,33,58,465332514,Phrygias,465.2578125,-26.546875,2.0,4.0,0.25
Rocks,1,WOD_Rocks_Round_Small_09,40,547,13,5,31,5470513114,Phrygias,547.0390625,-13.7578125,1.0,4.0,0.25
Rocks,1,WOD_Rocks_Round_Small_06,-49,546,7,40,9,546400792,Phrygias,546.3125,-7.9296875,1.0,4.0,0.25
Rocks,1,WOD_Rocks_Round_Small_03,177,469,24,64,31,4696424114,Phrygias,469.5,-24.7578125,2.0,4.0,0.25
Rocks,1,WOD_Rocks_Round_Small_08,-140,546,14,95,80,546951336,Phrygias,546.7421875,-14.375,1.0,4.0,0.25
Rocks,1,WOD_Rocks_Round_Small_01,-5,504,5,72,40,5047205123,Phrygias,504.5625,-5.6875,1.0,4.0,0.25
Rocks,1,WOD_Rocks_Round_Small_09,-103,596,25,96,33,5969625116,Phrygias,596.75,-25.7421875,4.0,4.0,0.25
Rocks,1,WOD_Rocks_Round_Small_07,-1,582,15,92,35,5829215118,Phrygias,582.71875,-15.7265625,4.0,4.0,0.25
Rocks,1,WOD_Rocks_Round_Small_03,-12,573,6,101,100,5731010556,Phrygias,573.7890625,-6.21875,4.0,4.0,0.25
Rocks,1,WOD_Rocks_Round_Small_05,141,581,16,19,81,581191537,Phrygias,581.1484375,-16.3671875,4.0,4.0,0.25
Rocks,1,WOD_Rocks_Round_Small_02,-172,592,20,84,103,592841959,Phrygias,592.65625,-20.1953125,4.0,4.0,0.25
Rocks,1,WOD_Rocks_Round_Small_07,-144,481,21,49,42,4814921125,Phrygias,481.3828125,-21.671875,2.0,4.0,0.25
Rocks,1,WOD_Rocks_Round_Small_02,-20,480,21,35,56,480352012,Phrygias,480.2734375,-21.5625,2.0,4.0,0.25
Rocks,1,WOD_Rocks_Round_Small_05,-35,475,24,41,39,4754124122,Phrygias,475.3203125,-24.6953125,2.0,4.0,0.25
Rocks,1,WOD_Rocks_Round_Small_07,100,588,10,8,0,588081083,Phrygias,588.0625,-11.0,4.0,4.0,0.25
Rocks,1,WOD_Rocks_Round_Small_05,-118,557,15,67,70,557671426,Phrygias,557.5234375,-15.453125,1.0,4.0,0.25
Rocks,1,WOD_Rocks_Round_Small_03,160,515,2,102,28,51510202111,Phrygias,515.796875,-2.78125,1.0,4.0,0.25
Rocks,1,WOD_Rocks_Round_Small_07,-158,532,4,72,112,532720368,Phrygias,532.5625,-4.125,1.0,4.0,0.25
Rocks,1,WOD_Rocks_Round_Small_03,-127,504,5,95,104,504950460,Phrygias,504.7421875,-5.1875,1.0,4.0,0.25
Rocks,1,WOD_Rocks_Round_Small_08,40,583,2,123,120,5831230176,Phrygias,583.9609375,-2.0625,4.0,4.0,0.25
Rocks,1,WOD_Rocks_Round_Small_09,-84,600,23,19,77,600192233,Phrygias,600.1484375,-23.3984375,4.0,4.0,0.25
Rocks,1,WOD_Rocks_Round_Small_04,44,520,3,78,80,520780236,Phrygias,520.609375,-3.375,1.0,4.0,0.25
Rocks,1,WOD_Rocks_Round_Small_01,34,485,23,88,27,4858823110,Phrygias,485.6875,-23.7890625,2.0,4.0,0.25
Rocks,1,WOD_Rocks_Round_Small_10,170,574,6,86,47,574860503,Phrygias,574.671875,-6.6328125,4.0,4.0,0.25
Rocks,1,WOD_Rocks_Round_Small_08,-102,576,23,60,53,576602209,Phrygias,576.46875,-23.5859375,1.0,4.0,0.25
Rocks,1,WOD_Rocks_Round_Small_05,-134,542,9,101,45,54210109128,Phrygias,542.7890625,-9.6484375,1.0,4.0,0.25
Rocks,1,WOD_Rocks_Round_Small_07,-86,572,5,114,121,5721140477,Phrygias,572.890625,-5.0546875,4.0,4.0,0.25
Rocks,1,WOD_Rocks_Round_Small_01,-130,605,26,28,25,6052826108,Phrygias,605.21875,-26.8046875,4.0,4.0,0.25
Rocks,1,WOD_Rocks_Round_Small_05,-139,508,3,35,26,5083503109,Phrygias,508.2734375,-3.796875,1.0,4.0,0.25
Rocks,1,WOD_Rocks_Round_Small_10,-40,485,28,104,120,4851042776,Phrygias,485.8125,-28.0625,2.0,4.0,0.25
Rocks,1,WOD_Rocks_Round_Small_08,116,485,20,77,52,485771908,Phrygias,485.6015625,-20.59375,2.0,4.0,0.25
Rocks,1,WOD_Rocks_Round_Small_09,10,556,14,91,0,556911483,Phrygias,556.7109375,-15.0,1.0,4.0,0.25
Rocks,1,WOD_Rocks_Round_Small_03,93,597,20,4,50,597041906,Phrygias,597.03125,-20.609375,4.0,4.0,0.25
Rocks,1,WOD_Rocks_Round_Small_03,-14,474,22,24,4,474242287,Phrygias,474.1875,-22.96875,2.0,4.0,0.25
Rocks,1,WOD_Rocks_Round_Small_02,103,544,13,12,96,544121252,Phrygias,544.09375,-13.25,1.0,4.0,0.25
Rocks,1,WOD_Rocks_Round_Small_06,126,607,26,92,10,607922693,Phrygias,607.71875,-26.921875,4.0,4.0,0.25
Rocks,1,WOD_Rocks_Round_Small_05,-130,565,8,36,93,565360749,Phrygias,565.28125,-8.2734375,4.0,4.0,0.25
Rocks,1,WOD_Rocks_Round_Small_07,-62,589,23,26,75,589262231,Phrygias,589.203125,-23.4140625,4.0,4.0,0.25
Rocks,1,WOD_Rocks_Round_Small_02,-38,572,16,113,30,57211316113,Phrygias,572.8828125,-16.765625,1.0,4.0,0.25
Rocks,1,WOD_Rocks_Round_Small_06,-19,519,2,90,1,519900284,Phrygias,519.703125,-2.9921875,1.0,4.0,0.25
Rocks,1,WOD_Rocks_Round_Small_02,45,507,2,49,98,507490154,Phrygias,507.3828125,-2.234375,1.0,4.0,0.25
Rocks,1,WOD_Rocks_Round_Small_07,-132,540,9,118,47,5401180803,Phrygias,540.921875,-9.6328125,1.0,4.0,0.25
Rocks,1,WOD_Rocks_Round_Small_01,-58,538,4,63,50,538630306,Phrygias,538.4921875,-4.609375,1.0,4.0,0.25
Rocks,1,WOD_Rocks_Round_Small_06,163,582,24,97,36,5829724119,Phrygias,582.7578125,-24.71875,1.0,4.0,0.25
Rocks,1,WOD_Rocks_Round_Small_05,86,449,30,59,67,449592923,Phrygias,449.4609375,-30.4765625,1.0,4.0,0.25
Rocks,1,WOD_Rocks_Round_Small_06,-30,533,8,1,100,533010756,Phrygias,533.0078125,-8.21875,1.0,4.0,0.25
Rocks,1,WOD_Rocks_Round_Small_07,161,482,23,18,57,482182213,Phrygias,482.140625,-23.5546875,2.0,4.0,0.25
Rocks,1,WOD_Rocks_Round_Small_05,71,544,12,26,121,544261177,Phrygias,544.203125,-12.0546875,1.0,4.0,0.25
Rocks,1,WOD_Rocks_Round_Small_07,148,510,6,78,27,5107806110,Phrygias,510.609375,-6.7890625,1.0,4.0,0.25
Rocks,1,WOD_Rocks_Round_Small_09,-22,586,17,90,9,586901792,Phrygias,586.703125,-17.9296875,4.0,4.0,0.25
Rocks,1,WOD_Rocks_Round_Small_10,-175,484,22,110,21,48411022104,Phrygias,484.859375,-22.8359375,2.0,4.0,0.25
Rocks,1,WOD_Rocks_Round_Small_04,79,567,9,84,95,567840851,Phrygias,567.65625,-9.2578125,4.0,4.0,0.25
Rocks,1,WOD_Rocks_Round_Small_07,-80,547,8,20,17,5472008100,Phrygias,547.15625,-8.8671875,1.0,4.0,0.25
Rocks,1,WOD_Rocks_Round_Small_09,-71,523,8,110,79,5231100735,Phrygias,523.859375,-8.3828125,1.0,4.0,0.25
Rocks,1,WOD_Rocks_Round_Small_08,24,546,8,84,31,5468408114,Phrygias,546.65625,-8.7578125,1.0,4.0,0.25
Rocks,1,WOD_Rocks_Round_Small_06,-82,590,14,87,8,590871491,Phrygias,590.6796875,-14.9375,4.0,4.0,0.25
Rocks,1,WOD_Rocks_Round_Small_09,159,473,23,50,72,473502228,Phrygias,473.390625,-23.4375,2.0,4.0,0.25
Rocks,1,WOD_Rocks_Round_Small_05,-19,543,12,24,105,543241161,Phrygias,543.1875,-12.1796875,1.0,4.0,0.25
Rocks,1,WOD_Rocks_Round_Small_05,5,533,5,76,54,533760410,Phrygias,533.59375,-5.578125,1.0,4.0,0.25
Rocks,1,WOD_Rocks_Round_Small_09,161,582,24,47,111,582472367,Phrygias,582.3671875,-24.1328125,1.0,4.0,0.25
Rocks,1,WOD_Rocks_Round_Small_09,-91,546,8,73,109,546730765,Phrygias,546.5703125,-8.1484375,1.0,4.0,0.25
Rocks,1,WOD_Rocks_Round_Small_08,-111,582,3,105,36,58210503119,Phrygias,582.8203125,-3.71875,4.0,4.0,0.25
Rocks,1,WOD_Rocks_Round_Small_08,156,507,1,92,82,507920038,Phrygias,507.71875,-1.359375,1.0,4.0,0.25
Rocks,1,WOD_Rocks_Round_Small_02,138,476,21,45,49,476452005,Phrygias,476.3515625,-21.6171875,2.0,4.0,0.25
Rocks,1,WOD_Rocks_Round_Small_08,-55,594,18,90,67,594901723,Phrygias,594.703125,-18.4765625,4.0,4.0,0.25
Rocks,1,WOD_Rocks_Round_Small_08,-19,546,9,109,36,54610909119,Phrygias,546.8515625,-9.71875,1.0,4.0,0.25
Rocks,1,WOD_Rocks_Round_Small_02,67,476,24,26,39,4762624122,Phrygias,476.203125,-24.6953125,2.0,4.0,0.25
Rocks,1,WOD_Rocks_Round_Small_01,-127,483,26,105,86,4831052542,Phrygias,483.8203125,-26.328125,2.0,4.0,0.25
Rocks,1,WOD_Rocks_Round_Small_07,-31,596,1,102,80,5961020036,Phrygias,596.796875,-1.375,4.0,4.0,0.25
Rocks,1,WOD_Rocks_Round_Small_07,21,477,26,18,73,477182529,Phrygias,477.140625,-26.4296875,2.0,4.0,0.25
Rocks,1,WOD_Rocks_Round_Small_04,-174,538,5,122,70,5381220426,Phrygias,538.953125,-5.453125,1.0,4.0,0.25
Rocks,1,WOD_Rocks_Round_Small_01,131,560,15,14,39,5601415122,Phrygias,560.109375,-15.6953125,1.0,4.0,0.25
Rocks,1,WOD_Rocks_Round_Small_09,-19,603,5,105,18,60310505101,Phrygias,603.8203125,-5.859375,4.0,4.0,0.25
Rocks,1,WOD_Rocks_Round_Small_02,-144,470,27,108,91,4701082647,Phrygias,470.84375,-27.2890625,2.0,4.0,0.25
Rocks,1,WOD_Rocks_Round_Small_05,-176,596,25,97,99,596972455,Phrygias,596.7578125,-25.2265625,4.0,4.0,0.25
Rocks,1,WOD_Rocks_Round_Small_06,-76,603,4,8,18,6030804101,Phrygias,603.0625,-4.859375,4.0,4.0,0.25
Rocks,1,WOD_Rocks_Round_Small_10,82,597,0,14,0,597140083,Phrygias,597.109375,-1.0,4.0,4.0,0.25
Rocks,1,WOD_Rocks_Round_Small_02,42,517,7,29,23,5172907106,Phrygias,517.2265625,-7.8203125,1.0,4.0,0.25
Rocks,1,WOD_Rocks_Round_Small_04,73,507,5,56,112,507560468,Phrygias,507.4375,-5.125,1.0,4.0,0.25
Rocks,1,WOD_Rocks_Round_Small_01,-31,524,7,83,85,524830641,Phrygias,524.6484375,-7.3359375,1.0,4.0,0.25
Rocks,1,WOD_Rocks_Round_Small_10,111,586,15,22,105,586221461,Phrygias,586.171875,-15.1796875,4.0,4.0,0.25
Rocks,1,WOD_Rocks_Round_Small_05,-79,504,0,10,5,504100088,Phrygias,504.078125,-0.9609375,1.0,4.0,0.25
Rocks,1,WOD_Rocks_Round_Small_08,-14,584,14,41,58,584411314,Phrygias,584.3203125,-14.546875,4.0,4.0,0.25
Rocks,1,WOD_Rocks_Round_Small_01,3,603,26,118,75,6031182531,Phrygias,603.921875,-26.4140625,4.0,4.0,0.25
Rocks,1,WOD_Rocks_Round_Small_08,-125,576,3,124,95,5761240251,Phrygias,576.96875,-3.2578125,4.0,4.0,0.25
Rocks,1,WOD_Rocks_Round_Small_09,144,511,6,81,8,511810691,Phrygias,511.6328125,-6.9375,1.0,4.0,0.25
Rocks,1,WOD_Rocks_Round_Small_09,-129,473,27,22,67,473222623,Phrygias,473.171875,-27.4765625,2.0,4.0,0.25
Rocks,1,WOD_Rocks_Round_Small_04,77,483,25,73,9,483732592,Phrygias,483.5703125,-25.9296875,2.0,4.0,0.25
Rocks,1,WOD_Rocks_Round_Small_05,100,477,24,106,104,4771062360,Phrygias,477.828125,-24.1875,2.0,4.0,0.25
Rocks,1,WOD_Rocks_Round_Small_04,112,520,5,82,111,520820467,Phrygias,520.640625,-5.1328125,1.0,4.0,0.25
Rocks,1,WOD_Rocks_Round_Small_08,152,600,22,86,5,600862288,Phrygias,600.671875,-22.9609375,4.0,4.0,0.25
Rocks,1,WOD_Rocks_Round_Small_06,-89,484,25,81,13,484812596,Phrygias,484.6328125,-25.8984375,2.0,4.0,0.25
Rocks,1,WOD_Rocks_Round_Small_08,147,604,25,97,117,604972473,Phrygias,604.7578125,-25.0859375,4.0,4.0,0.25
Rocks,1,WOD_Rocks_Round_Small_06,84,520,2,28,45,520280101,Phrygias,520.21875,-2.6484375,1.0,4.0,0.25
Rocks,1,WOD_Rocks_Round_Small_08,165,580,20,116,81,5801161937,Phrygias,580.90625,-20.3671875,4.0,4.0,0.25
Rocks,1,WOD_Rocks_Round_Small_06,114,597,7,32,53,597320609,Phrygias,597.25,-7.5859375,4.0,4.0,0.25
Rocks,1,WOD_Rocks_Round_Small_05,158,572,3,55,22,5725503105,Phrygias,572.4296875,-3.828125,4.0,4.0,0.25
Rocks,1,WOD_Rocks_Round_Small_05,-177,469,28,23,94,469232750,Phrygias,469.1796875,-28.265625,2.0,4.0,0.25
Rocks,1,WOD_Rocks_Round_Small_03,64,596,24,61,1,596612484,Phrygias,596.4765625,-24.9921875,4.0,4.0,0.25
Rocks,1,WOD_Rocks_Round_Small_07,40,599,5,60,1,599600584,Phrygias,599.46875,-5.9921875,4.0,4.0,0.25
Rocks,1,WOD_Rocks_Round_Small_06,128,602,8,40,109,602400765,Phrygias,602.3125,-8.1484375,4.0,4.0,0.25
Rocks,1,WOD_Rocks_Round_Small_04,-161,463,27,51,90,463512646,Phrygias,463.3984375,-27.296875,2.0,4.0,0.25
Rocks,1,WOD_Rocks_Round_Small_04,175,479,23,37,61,479372217,Phrygias,479.2890625,-23.5234375,2.0,4.0,0.25
Rocks,1,WOD_Rocks_Round_Small_02,-84,602,11,114,104,6021141060,Phrygias,602.890625,-11.1875,4.0,4.0,0.25
Rocks,1,WOD_Rocks_Round_Small_01,35,585,14,106,26,58510614109,Phrygias,585.828125,-14.796875,4.0,4.0,0.25
Rocks,1,WOD_Rocks_Round_Small_04,115,546,9,9,41,5460909124,Phrygias,546.0703125,-9.6796875,1.0,4.0,0.25
Rocks,1,WOD_Rocks_Round_Small_10,73,597,6,51,54,597510510,Phrygias,597.3984375,-6.578125,4.0,4.0,0.25
Rocks,1,WOD_Rocks_Round_Small_01,167,510,5,97,113,510970469,Phrygias,510.7578125,-5.1171875,1.0,4.0,0.25
Rocks,1,WOD_Rocks_Round_Small_01,-132,586,19,12,114,586121870,Phrygias,586.09375,-19.109375,4.0,4.0,0.25
Rocks,1,WOD_Rocks_Round_Small_01,-54,589,24,58,64,589582320,Phrygias,589.453125,-24.5,4.0,4.0,0.25
Rocks,1,WOD_Rocks_Round_Small_03,134,515,3,60,47,515600203,Phrygias,515.46875,-3.6328125,1.0,4.0,0.25
Rocks,1,WOD_Rocks_Round_Small_07,-34,604,1,128,90,6041280046,Phrygias,605.0,-1.296875,4.0,4.0,0.25
Rocks,1,WOD_Rocks_Round_Small_07,-36,511,5,37,117,511370473,Phrygias,511.2890625,-5.0859375,1.0,4.0,0.25
Rocks,1,WOD_Rocks_Round_Small_01,148,600,6,120,47,6001200503,Phrygias,600.9375,-6.6328125,4.0,4.0,0.25
Rocks,1,WOD_Rocks_Round_Small_01,150,460,27,46,89,460462645,Phrygias,460.359375,-27.3046875,1.0,4.0,0.25
Rocks,1,WOD_Rocks_Round_Small_10,7,503,3,93,63,503930219,Phrygias,503.7265625,-3.5078125,1.0,4.0,0.25
Rocks,1,WOD_Rocks_Round_Small_08,4,531,6,47,12,531470695,Phrygias,531.3671875,-6.90625,1.0,4.0,0.25
Rocks,1,WOD_Rocks_Round_Small_04,-10,532,7,119,88,5321190644,Phrygias,532.9296875,-7.3125,1.0,4.0,0.25
Rocks,1,WOD_Rocks_Round_Small_08,-59,485,28,93,125,485932781,Phrygias,485.7265625,-28.0234375,2.0,4.0,0.25
Rocks,1,WOD_Rocks_Round_Small_10,31,481,25,76,45,481762401,Phrygias,481.59375,-25.6484375,2.0,4.0,0.25
Rocks,1,WOD_Rocks_Round_Small_08,-19,513,3,24,98,513240254,Phrygias,513.1875,-3.234375,1.0,4.0,0.25
Rocks,1,WOD_Rocks_Round_Small_06,-96,519,2,114,36,51911402119,Phrygias,519.890625,-2.71875,1.0,4.0,0.25
Rocks,1,WOD_Rocks_Round_Small_06,-44,472,22,45,19,4724522102,Phrygias,472.3515625,-22.8515625,2.0,4.0,0.25
Rocks,1,WOD_Rocks_Round_Small_08,50,515,3,88,56,515880212,Phrygias,515.6875,-3.5625,1.0,4.0,0.25
Rocks,1,WOD_Rocks_Round_Small_07,-166,601,1,86,81,601860037,Phrygias,601.671875,-1.3671875,4.0,4.0,0.25
Rocks,1,WOD_Rocks_Round_Small_07,-1,521,4,113,58,5211130314,Phrygias,521.8828125,-4.546875,1.0,4.0,0.25
Rocks,1,WOD_Rocks_Round_Small_07,-150,505,6,58,84,505580540,Phrygias,505.453125,-6.34375,1.0,4.0,0.25
Rocks,1,WOD_Rocks_Round_Small_04,-94,603,11,14,75,603141031,Phrygias,603.109375,-11.4140625,4.0,4.0,0.25
Rocks,1,WOD_Rocks_Round_Small_08,-1,478,23,99,58,478992214,Phrygias,478.7734375,-23.546875,2.0,4.0,0.25
Rocks,1,WOD_Rocks_Round_Small_07,-81,577,16,3,52,577031508,Phrygias,577.0234375,-16.59375,4.0,4.0,0.25
Rocks,1,WOD_Rocks_Round_Small_02,-155,522,4,36,108,522360364,Phrygias,522.28125,-4.15625,1.0,4.0,0.25
Rocks,1,WOD_Rocks_Round_Small_08,-107,604,4,49,16,604490499,Phrygias,604.3828125,-4.875,4.0,4.0,0.25
Rocks,1,WOD_Rocks_Round_Small_07,-82,544,9,124,114,5441240870,Phrygias,544.96875,-9.109375,1.0,4.0,0.25
Rocks,1,WOD_Rocks_Round_Small_02,3,451,28,6,95,451062751,Phrygias,451.046875,-28.2578125,1.0,4.0,0.25
Rocks,1,WOD_Rocks_Round_Small_06,-58,571,9,22,39,5712209122,Phrygias,571.171875,-9.6953125,4.0,4.0,0.25
Rocks,1,WOD_Rocks_Round_Small_07,-13,514,4,119,26,51411904109,Phrygias,514.9296875,-4.796875,1.0,4.0,0.25
Rocks,1,WOD_Rocks_Round_Small_08,128,450,29,27,49,450272805,Phrygias,450.2109375,-29.6171875,1.0,4.0,0.25
Rocks,1,WOD_Rocks_Round_Small_06,135,538,4,65,52,538650308,Phrygias,538.5078125,-4.59375,1.0,4.0,0.25
Rocks,1,WOD_Rocks_Round_Small_01,-102,602,8,0,48,602000704,Phrygias,602.0,-8.625,4.0,4.0,0.25
Rocks,1,WOD_Rocks_Round_Small_06,-53,527,6,99,122,527990578,Phrygias,527.7734375,-6.046875,1.0,4.0,0.25
Rocks,1,WOD_Rocks_Round_Small_05,122,504,3,46,96,504460252,Phrygias,504.359375,-3.25,1.0,4.0,0.25
Rocks,1,WOD_Rocks_Round_Small_08,7,538,3,1,31,5380103114,Phrygias,538.0078125,-3.7578125,1.0,4.0,0.25
Rocks,1,WOD_Rocks_Round_Small_07,50,570,8,18,50,570180706,Phrygias,570.140625,-8.609375,4.0,4.0,0.25
Rocks,1,WOD_Rocks_Round_Small_02,22,470,25,13,62,470132418,Phrygias,470.1015625,-25.515625,2.0,4.0,0.25
Rocks,1,WOD_Rocks_Round_Small_07,178,506,5,9,107,506090463,Phrygias,506.0703125,-5.1640625,1.0,4.0,0.25
Rocks,1,WOD_Rocks_Round_Small_04,157,538,4,119,25,53811904108,Phrygias,538.9296875,-4.8046875,1.0,4.0,0.25
Rocks,1,WOD_Rocks_Round_Small_02,-164,600,1,101,109,6001010065,Phrygias,600.7890625,-1.1484375,4.0,4.0,0.25
Rocks,1,WOD_Rocks_Round_Small_06,132,482,30,119,76,4821192932,Phrygias,482.9296875,-30.40625,2.0,4.0,0.25
Rocks,1,WOD_Rocks_Round_Small_01,63,520,6,26,81,520260537,Phrygias,520.203125,-6.3671875,1.0,4.0,0.25
Rocks,1,WOD_Rocks_Round_Small_04,-76,602,26,102,99,6021022555,Phrygias,602.796875,-26.2265625,4.0,4.0,0.25
Rocks,1,WOD_Rocks_Round_Small_10,-111,596,9,17,1,596170984,Phrygias,596.1328125,-9.9921875,4.0,4.0,0.25
Rocks,1,WOD_Rocks_Round_Small_08,117,535,6,44,66,535440522,Phrygias,535.34375,-6.484375,1.0,4.0,0.25
Rocks,1,WOD_Rocks_Round_Small_03,-94,516,1,105,14,5161050197,Phrygias,516.8203125,-1.890625,1.0,4.0,0.25
Rocks,1,WOD_Rocks_Round_Small_05,62,593,16,38,45,593381501,Phrygias,593.296875,-16.6484375,4.0,4.0,0.25
Rocks,1,WOD_Rocks_Round_Small_04,-106,593,8,23,79,593230735,Phrygias,593.1796875,-8.3828125,4.0,4.0,0.25
Rocks,1,WOD_Rocks_Round_Small_04,-150,484,23,70,21,4847023104,Phrygias,484.546875,-23.8359375,2.0,4.0,0.25
Rocks,1,WOD_Rocks_Round_Small_05,-64,574,10,111,81,5741110937,Phrygias,574.8671875,-10.3671875,4.0,5.0,0.25
Rocks,1,WOD_Rocks_Round_Small_05,57,584,25,109,52,5841092408,Phrygias,584.8515625,-25.59375,1.0,5.0,0.25
Rocks,1,WOD_Rocks_Round_Small_05,42,597,20,28,85,597281941,Phrygias,597.21875,-20.3359375,4.0,5.0,0.25
Rocks,1,WOD_Rocks_Round_Small_01,-130,596,26,96,53,596962509,Phrygias,596.75,-26.5859375,4.0,5.0,0.25
Rocks,1,WOD_Rocks_Round_Small_02,-54,579,11,20,123,579201079,Phrygias,579.15625,-11.0390625,4.0,5.0,0.25
Rocks,1,WOD_Rocks_Round_Small_02,-131,608,10,54,89,608540945,Phrygias,608.421875,-10.3046875,4.0,5.0,0.25
Rocks,1,WOD_Rocks_Round_Small_02,-52,580,21,88,79,580882035,Phrygias,580.6875,-21.3828125,1.0,5.0,0.25
Rocks,1,WOD_Rocks_Round_Small_05,-177,606,9,35,108,606350864,Phrygias,606.2734375,-9.15625,4.0,5.0,0.25
Rocks,1,WOD_Rocks_Round_Small_04,-20,603,7,51,89,603510645,Phrygias,603.3984375,-7.3046875,4.0,5.0,0.25
Rocks,1,WOD_Rocks_Round_Small_03,154,603,0,106,18,60310600101,Phrygias,603.828125,-0.859375,4.0,5.0,0.25
Rocks,1,WOD_Rocks_Round_Small_03,33,594,16,22,4,594221687,Phrygias,594.171875,-16.96875,4.0,5.0,0.25
Rocks,1,WOD_Rocks_Round_Small_04,96,486,25,65,63,486652419,Phrygias,486.5078125,-25.5078125,2.0,5.0,0.25
Rocks,1,WOD_Rocks_Round_Small_08,-36,582,23,70,25,5827023108,Phrygias,582.546875,-23.8046875,1.0,5.0,0.25
Rocks,1,WOD_Rocks_Round_Small_02,-52,597,26,111,96,5971112552,Phrygias,597.8671875,-26.25,4.0,5.0,0.25
Rocks,1,WOD_Rocks_Round_Small_03,156,584,22,122,77,5841222133,Phrygias,584.953125,-22.3984375,4.0,5.0,0.25
Rocks,1,WOD_Rocks_Round_Small_05,-27,581,5,81,57,581810413,Phrygias,581.6328125,-5.5546875,4.0,5.0,0.25
Rocks,1,WOD_Rocks_Round_Small_09,0,605,7,91,91,605910647,Phrygias,605.7109375,-7.2890625,4.0,5.0,0.25
Rocks,1,WOD_Rocks_Round_Small_04,172,598,18,19,1,598191884,Phrygias,598.1484375,-18.9921875,4.0,5.0,0.25
Rocks,1,WOD_Rocks_Round_Small_09,-94,580,13,109,22,58010913105,Phrygias,580.8515625,-13.828125,4.0,5.0,0.25
Rocks,1,WOD_Rocks_Round_Small_10,62,602,10,56,49,602560905,Phrygias,602.4375,-10.6171875,4.0,5.0,0.25
Rocks,1,WOD_Rocks_Round_Small_04,6,598,6,69,90,598690546,Phrygias,598.5390625,-6.296875,4.0,5.0,0.25
Rocks,1,WOD_Rocks_Round_Small_03,160,581,4,9,10,581090493,Phrygias,581.0703125,-4.921875,4.0,5.0,0.25
Rocks,1,WOD_Rocks_Round_Small_08,-144,584,14,93,9,584931492,Phrygias,584.7265625,-14.9296875,4.0,5.0,0.25
Rocks,1,WOD_Rocks_Round_Small_01,70,597,20,105,0,5971052083,Phrygias,597.8203125,-21.0,4.0,5.0,0.25
Rocks,1,WOD_Rocks_Round_Small_05,-160,606,7,5,80,606050636,Phrygias,606.0390625,-7.375,4.0,5.0,0.25
Rocks,1,WOD_Rocks_Round_Small_01,-60,597,25,19,117,597192473,Phrygias,597.1484375,-25.0859375,4.0,5.0,0.25
Rocks,1,WOD_Rocks_Round_Small_07,-106,606,10,1,64,606010920,Phrygias,606.0078125,-10.5,4.0,5.0,0.25
Rocks,1,WOD_Rocks_Round_Small_02,91,580,12,124,45,5801241101,Phrygias,580.96875,-12.6484375,4.0,5.0,0.25
Rocks,1,WOD_Rocks_Round_Small_07,-49,597,26,95,112,597952568,Phrygias,597.7421875,-26.125,4.0,5.0,0.25
Rocks,1,WOD_Rocks_Round_Small_07,47,606,11,84,1,606841184,Phrygias,606.65625,-11.9921875,4.0,5.0,0.25
Rocks,1,WOD_Rocks_Round_Small_01,0,578,6,27,9,578270692,Phrygias,578.2109375,-6.9296875,4.0,5.0,0.25
Rocks,1,WOD_Rocks_Round_Small_01,-2,606,5,95,120,606950476,Phrygias,606.7421875,-5.0625,4.0,5.0,0.25
Rocks,1,WOD_Rocks_Round_Small_09,56,585,18,20,122,585201778,Phrygias,585.15625,-18.046875,4.0,5.0,0.25
Rocks,1,WOD_Rocks_Round_Small_08,120,599,25,87,113,599872469,Phrygias,599.6796875,-25.1171875,4.0,5.0,0.25
Rocks,1,WOD_Rocks_Round_Small_02,20,582,21,23,82,582232038,Phrygias,582.1796875,-21.359375,4.0,5.0,0.25
Rocks,1,WOD_Rocks_Round_Small_09,3,473,25,4,77,473042433,Phrygias,473.03125,-25.3984375,2.0,5.0,0.25
Rocks,1,WOD_Rocks_Round_Small_02,-72,577,12,105,67,5771051123,Phrygias,577.8203125,-12.4765625,4.0,5.0,0.25
Rocks,1,WOD_Rocks_Round_Small_06,-108,468,30,45,58,468452914,Phrygias,468.3515625,-30.546875,2.0,5.0,0.25
Rocks,1,WOD_Rocks_Round_Small_09,-31,478,24,67,37,4786724120,Phrygias,478.5234375,-24.7109375,2.0,5.0,0.25
Rocks,1,WOD_Rocks_Round_Small_04,-145,597,21,120,91,5971202047,Phrygias,597.9375,-21.2890625,4.0,5.0,0.25
Rocks,1,WOD_Rocks_Round_Small_10,-175,592,14,26,4,592261487,Phrygias,592.203125,-14.96875,4.0,5.0,0.25
Rocks,1,WOD_Rocks_Round_Small_07,-3,607,11,38,75,607381031,Phrygias,607.296875,-11.4140625,4.0,5.0,0.25
Rocks,1,WOD_Rocks_Round_Small_10,12,580,13,72,22,5807213105,Phrygias,580.5625,-13.828125,4.0,5.0,0.25
Rocks,1,WOD_Rocks_Round_Small_10,-26,478,25,91,48,478912404,Phrygias,478.7109375,-25.625,2.0,5.0,0.25
Rocks,1,WOD_Rocks_Round_Small_06,-138,578,12,120,18,57812012101,Phrygias,578.9375,-12.859375,4.0,5.0,0.25
Rocks,1,WOD_Rocks_Round_Small_08,-38,594,26,93,104,594932560,Phrygias,594.7265625,-26.1875,4.0,5.0,0.25
Rocks,1,WOD_Rocks_Round_Small_04,-6,455,28,102,79,4551022735,Phrygias,455.796875,-28.3828125,1.0,5.0,0.25
Rocks,1,WOD_Rocks_Round_Small_04,42,607,4,91,25,6079104108,Phrygias,607.7109375,-4.8046875,4.0,5.0,0.25
Rocks,1,WOD_Rocks_Round_Small_09,11,580,5,59,113,580590469,Phrygias,580.4609375,-5.1171875,4.0,5.0,0.25
Rocks,1,WOD_Rocks_Round_Small_03,-101,581,12,88,14,581881297,Phrygias,581.6875,-12.890625,4.0,5.0,0.25
Rocks,1,WOD_Rocks_Round_Small_04,103,580,13,111,114,5801111270,Phrygias,580.8671875,-13.109375,4.0,5.0,0.25
Rocks,1,WOD_Rocks_Round_Small_05,90,575,11,56,118,575561074,Phrygias,575.4375,-11.078125,4.0,5.0,0.25
Rocks,1,WOD_Rocks_Round_Small_08,-180,578,12,31,35,5783112118,Phrygias,578.2421875,-12.7265625,4.0,5.0,0.25
Rocks,1,WOD_Rocks_Round_Small_03,34,584,4,83,12,584830495,Phrygias,584.6484375,-4.90625,4.0,5.0,0.25
Rocks,1,WOD_Rocks_Round_Small_08,16,577,11,115,113,5771151069,Phrygias,577.8984375,-11.1171875,4.0,5.0,0.25
Rocks,1,WOD_Rocks_Round_Small_04,83,585,9,14,47,585140803,Phrygias,585.109375,-9.6328125,4.0,5.0,0.25
Rocks,1,WOD_Rocks_Round_Small_01,120,599,24,44,79,599442335,Phrygias,599.34375,-24.3828125,4.0,5.0,0.25
Rocks,1,WOD_Rocks_Round_Small_06,-131,581,22,29,58,581292114,Phrygias,581.2265625,-22.546875,1.0,5.0,0.25
Rocks,1,WOD_Rocks_Round_Small_10,91,578,14,100,98,5781001354,Phrygias,578.78125,-14.234375,4.0,5.0,0.25
Rocks,1,WOD_Rocks_Round_Small_05,35,602,8,125,40,60212508123,Phrygias,602.9765625,-8.6875,4.0,5.0,0.25
Rocks,1,WOD_Rocks_Round_Small_10,152,593,21,17,26,5931721109,Phrygias,593.1328125,-21.796875,4.0,5.0,0.25
Rocks,1,WOD_Rocks_Round_Small_05,48,605,8,118,77,6051180733,Phrygias,605.921875,-8.3984375,4.0,5.0,0.25
Rocks,1,WOD_Rocks_Round_Small_05,7,576,7,56,16,576560799,Phrygias,576.4375,-7.875,4.0,5.0,0.25
Rocks,1,WOD_Rocks_Round_Small_04,180,575,10,36,54,575360910,Phrygias,575.28125,-10.578125,4.0,5.0,0.25
Rocks,1,WOD_Rocks_Round_Small_10,-76,580,7,109,75,5801090631,Phrygias,580.8515625,-7.4140625,4.0,5.0,0.25
Rocks,1,WOD_Rocks_Round_Small_03,-170,584,24,93,100,584932356,Phrygias,584.7265625,-24.21875,1.0,5.0,0.25
Rocks,1,WOD_Rocks_Round_Small_03,-67,581,5,13,3,581130586,Phrygias,581.1015625,-5.9765625,4.0,5.0,0.25
Rocks,1,WOD_Rocks_Round_Small_10,164,608,8,41,25,6084108108,Phrygias,608.3203125,-8.8046875,4.0,5.0,0.25
Rocks,1,WOD_Rocks_Round_Small_09,-10,597,20,45,93,597451949,Phrygias,597.3515625,-20.2734375,4.0,5.0,0.25
Rocks,1,WOD_Rocks_Round_Small_04,42,594,18,72,108,594721764,Phrygias,594.5625,-18.15625,4.0,5.0,0.25
Rocks,1,WOD_Rocks_Round_Small_05,-103,591,14,122,16,5911221499,Phrygias,591.953125,-14.875,4.0,5.0,0.25
Rocks,1,WOD_Rocks_Round_Small_08,90,578,10,105,10,5781051093,Phrygias,578.8203125,-10.921875,4.0,5.0,0.25
Rocks,1,WOD_Rocks_Round_Small_10,-157,582,11,45,44,5824511127,Phrygias,582.3515625,-11.65625,4.0,5.0,0.25
Rocks,1,WOD_Rocks_Round_Small_08,174,606,11,37,16,606371199,Phrygias,606.2890625,-11.875,4.0,5.0,0.25
Rocks,1,WOD_Rocks_Round_Small_09,171,596,11,20,85,596201041,Phrygias,596.15625,-11.3359375,4.0,5.0,0.25
Rocks,1,WOD_Rocks_Round_Small_04,170,581,22,82,71,581822127,Phrygias,581.640625,-22.4453125,1.0,5.0,0.25
Rocks,1,WOD_Rocks_Round_Small_06,-62,580,14,72,84,580721340,Phrygias,580.5625,-14.34375,4.0,5.0,0.25
Rocks,1,WOD_Rocks_Round_Small_08,134,580,10,23,72,580230928,Phrygias,580.1796875,-10.4375,4.0,5.0,0.25
Rocks,1,WOD_Rocks_Round_Small_04,6,605,10,122,77,6051220933,Phrygias,605.953125,-10.3984375,4.0,5.0,0.25
Rocks,1,WOD_Rocks_Round_Small_08,-146,606,12,101,56,6061011112,Phrygias,606.7890625,-12.5625,4.0,5.0,0.25
Rocks,1,WOD_Rocks_Round_Small_01,163,606,7,127,63,6061270619,Phrygias,606.9921875,-7.5078125,4.0,5.0,0.25
Rocks,1,WOD_Rocks_Round_Small_01,-135,463,28,12,3,463122886,Phrygias,463.09375,-28.9765625,1.0,5.0,0.25
Rocks,1,WOD_Rocks_Round_Small_10,-119,577,8,54,31,5775408114,Phrygias,577.421875,-8.7578125,4.0,5.0,0.25
Rocks,1,WOD_Rocks_Round_Small_10,-28,609,5,60,72,609600428,Phrygias,609.46875,-5.4375,4.0,5.0,0.25
Rocks,1,WOD_Rocks_Round_Small_06,154,601,9,1,4,601010987,Phrygias,601.0078125,-9.96875,4.0,5.0,0.25
Rocks,1,WOD_Rocks_Round_Small_04,-56,598,20,87,105,598871961,Phrygias,598.6796875,-20.1796875,4.0,5.0,0.25
Rocks,1,WOD_Rocks_Round_Small_05,-169,606,10,31,41,6063110124,Phrygias,606.2421875,-10.6796875,4.0,5.0,0.25
Rocks,1,WOD_Rocks_Round_Small_02,-107,581,4,82,72,581820328,Phrygias,581.640625,-4.4375,4.0,5.0,0.25
Rocks,1,WOD_Rocks_Round_Small_01,99,587,10,63,123,587630979,Phrygias,587.4921875,-10.0390625,4.0,5.0,0.25
Rocks,1,WOD_Rocks_Round_Small_05,153,581,5,79,4,581790587,Phrygias,581.6171875,-5.96875,4.0,5.0,0.25
Rocks,1,WOD_Rocks_Round_Small_10,-34,578,14,108,82,5781081338,Phrygias,578.84375,-14.359375,4.0,5.0,0.25
Rocks,1,WOD_Rocks_Round_Small_05,-62,582,12,22,122,582221178,Phrygias,582.171875,-12.046875,4.0,5.0,0.25
Rocks,1,WOD_Rocks_Round_Small_05,-35,584,5,115,109,5841150465,Phrygias,584.8984375,-5.1484375,4.0,5.0,0.25
Rocks,1,WOD_Rocks_Round_Small_03,0,586,9,42,118,586420874,Phrygias,586.328125,-9.078125,4.0,5.0,0.25
Rocks,1,WOD_Rocks_Round_Small_03,-14,581,21,99,126,581992082,Phrygias,581.7734375,-21.015625,1.0,5.0,0.25
Rocks,1,WOD_Rocks_Round_Small_01,-65,473,26,17,109,473172565,Phrygias,473.1328125,-26.1484375,2.0,5.0,0.25
Rocks,1,WOD_Rocks_Round_Small_07,88,587,10,68,14,587681097,Phrygias,587.53125,-10.890625,4.0,5.0,0.25
Rocks,1,WOD_Rocks_Round_Small_08,176,575,12,96,28,5759612111,Phrygias,575.75,-12.78125,4.0,5.0,0.25
Rocks,1,WOD_Rocks_Round_Small_05,-9,606,8,96,0,606960883,Phrygias,606.75,-9.0,4.0,5.0,0.25
Rocks,1,WOD_Rocks_Round_Small_01,132,609,9,5,80,609050836,Phrygias,609.0390625,-9.375,4.0,5.0,0.25
Rocks,1,WOD_Rocks_Round_Small_01,-154,576,8,99,118,576990774,Phrygias,576.7734375,-8.078125,4.0,5.0,0.25
Rocks,1,WOD_Rocks_Round_Small_05,-97,576,11,10,0,576101183,Phrygias,576.078125,-12.0,4.0,5.0,0.25
Rocks,1,WOD_Rocks_Round_Small_08,62,472,27,60,79,472602635,Phrygias,472.46875,-27.3828125,2.0,5.0,0.25
Rocks,1,WOD_Rocks_Round_Small_01,-7,586,9,13,36,5861309119,Phrygias,586.1015625,-9.71875,4.0,5.0,0.25
Rocks,1,WOD_Rocks_Round_Small_04,-71,581,7,122,79,5811220635,Phrygias,581.953125,-7.3828125,4.0,5.0,0.25
Rocks,1,WOD_Rocks_Round_Small_02,144,596,24,6,63,596062319,Phrygias,596.046875,-24.5078125,4.0,5.0,0.25
Rocks,1,WOD_Rocks_Round_Small_06,118,599,24,61,18,5996124101,Phrygias,599.4765625,-24.859375,4.0,5.0,0.25
Rocks,1,WOD_Rocks_Round_Small_08,77,577,11,14,66,577141022,Phrygias,577.109375,-11.484375,4.0,5.0,0.25
Rocks,1,WOD_Rocks_Round_Small_03,-171,582,11,49,47,582491003,Phrygias,582.3828125,-11.6328125,4.0,5.0,0.25
Rocks,1,WOD_Rocks_Round_Small_05,47,608,9,52,85,608520841,Phrygias,608.40625,-9.3359375,4.0,5.0,0.25
Rocks,1,WOD_Rocks_Round_Small_02,28,596,10,8,68,596080924,Phrygias,596.0625,-10.46875,4.0,5.0,0.25
Rocks,1,WOD_Rocks_Round_Small_01,-126,575,11,109,8,5751091191,Phrygias,575.8515625,-11.9375,4.0,5.0,0.25
Rocks,1,WOD_Rocks_Round_Small_03,82,584,5,84,99,584840455,Phrygias,584.65625,-5.2265625,4.0,5.0,0.25
Rocks,1,WOD_Rocks_Round_Small_06,60,606,8,92,39,6069208122,Phrygias,606.71875,-8.6953125,4.0,5.0,0.25
Rocks,1,WOD_Rocks_Round_Small_04,43,588,24,73,52,588732308,Phrygias,588.5703125,-24.59375,4.0,5.0,0.25
Rocks,1,WOD_Rocks_Round_Small_10,-64,599,24,122,3,5991222486,Phrygias,599.953125,-24.9765625,4.0,5.0,0.25
Rocks,1,WOD_Rocks_Round_Small_04,133,575,11,72,112,575721068,Phrygias,575.5625,-11.125,4.0,5.0,0.25
Rocks,1,WOD_Rocks_Round_Small_04,88,607,8,38,59,607380715,Phrygias,607.296875,-8.5390625,4.0,5.0,0.25
Rocks,1,WOD_Rocks_Round_Small_08,-68,578,13,50,42,5785013125,Phrygias,578.390625,-13.671875,4.0,5.0,0.25
Rocks,1,WOD_Rocks_Round_Small_08,142,580,14,111,86,5801111342,Phrygias,580.8671875,-14.328125,4.0,5.0,0.25
Rocks,1,WOD_Rocks_Round_Small_09,-90,581,4,19,52,581190308,Phrygias,581.1484375,-4.59375,4.0,5.0,0.25
Rocks,1,WOD_Rocks_Round_Small_10,58,582,9,18,109,582180865,Phrygias,582.140625,-9.1484375,4.0,5.0,0.25
Rocks,1,WOD_Rocks_Round_Small_04,-62,597,26,118,102,5971182558,Phrygias,597.921875,-26.203125,4.0,5.0,0.25
Rocks,1,WOD_Rocks_Round_Small_10,33,596,11,27,27,5962711110,Phrygias,596.2109375,-11.7890625,4.0,5.0,0.25
Rocks,1,WOD_Rocks_Round_Small_07,-73,578,15,78,50,578781406,Phrygias,578.609375,-15.609375,4.0,5.0,0.25
Rocks,1,WOD_Rocks_Round_Small_04,60,584,21,41,68,584412024,Phrygias,584.3203125,-21.46875,4.0,5.0,0.25
Rocks,1,WOD_Rocks_Round_Small_05,-108,580,11,99,104,580991060,Phrygias,580.7734375,-11.1875,4.0,5.0,0.25
Rocks,1,WOD_Rocks_Round_Small_02,-117,579,9,50,62,579500818,Phrygias,579.390625,-9.515625,4.0,5.0,0.25
Rocks,1,WOD_Rocks_Round_Small_10,31,586,9,49,94,586490850,Phrygias,586.3828125,-9.265625,4.0,5.0,0.25
Rocks,1,WOD_Rocks_Round_Small_02,-48,593,16,122,57,5931221513,Phrygias,593.953125,-16.5546875,4.0,5.0,0.25
Rocks,1,WOD_Rocks_Round_Small_09,-162,598,6,101,41,59810106124,Phrygias,598.7890625,-6.6796875,4.0,5.0,0.25
Rocks,1,WOD_Rocks_Round_Small_05,136,596,24,29,45,596292301,Phrygias,596.2265625,-24.6484375,4.0,5.0,0.25
Rocks,1,WOD_Rocks_Round_Small_06,122,608,9,95,35,6089509118,Phrygias,608.7421875,-9.7265625,4.0,5.0,0.25
Rocks,1,WOD_Rocks_Round_Small_09,136,593,21,42,23,5934221106,Phrygias,593.328125,-21.8203125,4.0,5.0,0.25
Rocks,1,WOD_Rocks_Round_Small_09,72,580,12,113,111,5801131167,Phrygias,580.8828125,-12.1328125,4.0,5.0,0.25
Rocks,1,WOD_Rocks_Round_Small_01,136,605,8,26,17,6052608100,Phrygias,605.203125,-8.8671875,4.0,5.0,0.25
Rocks,1,WOD_Rocks_Round_Small_05,-1,608,9,13,62,608130818,Phrygias,608.1015625,-9.515625,4.0,5.0,0.25
Rocks,1,WOD_Rocks_Round_Small_01,-167,575,10,12,82,575120938,Phrygias,575.09375,-10.359375,4.0,5.0,0.25
Rocks,1,WOD_Rocks_Round_Small_03,-143,577,8,1,42,5770108125,Phrygias,577.0078125,-8.671875,4.0,5.0,0.25
Rocks,1,WOD_Rocks_Round_Small_04,158,606,11,60,105,606601061,Phrygias,606.46875,-11.1796875,4.0,5.0,0.25
Rocks,1,WOD_Rocks_Round_Small_05,-84,591,14,97,64,591971320,Phrygias,591.7578125,-14.5,4.0,5.0,0.25
Rocks,1,WOD_Rocks_Round_Small_01,-111,609,8,24,3,609240886,Phrygias,609.1875,-8.9765625,4.0,5.0,0.25
Rocks,1,WOD_Rocks_Round_Small_01,-93,602,0,36,5,602360088,Phrygias,602.28125,-0.9609375,4.0,5.0,0.25
Rocks,1,WOD_Rocks_Round_Small_06,52,597,18,127,63,5971271719,Phrygias,597.9921875,-18.5078125,4.0,5.0,0.25
Rocks,1,WOD_Rocks_Round_Small_07,-79,607,8,86,81,607860737,Phrygias,607.671875,-8.3671875,4.0,5.0,0.25
Rocks,1,WOD_Rocks_Round_Small_08,157,583,5,106,50,5831060406,Phrygias,583.828125,-5.609375,4.0,5.0,0.25
Rocks,1,WOD_Rocks_Round_Small_09,145,579,10,123,98,5791230954,Phrygias,579.9609375,-10.234375,4.0,5.0,0.25
Rocks,1,WOD_Rocks_Round_Small_05,99,468,30,114,102,4681142958,Phrygias,468.890625,-30.203125,2.0,5.0,0.25
Rocks,1,WOD_Rocks_Round_Small_01,-78,574,9,22,62,574220818,Phrygias,574.171875,-9.515625,4.0,5.0,0.25
Rocks,1,WOD_Rocks_Round_Small_09,48,468,30,64,37,4686430120,Phrygias,468.5,-30.7109375,1.0,5.0,0.25
Rocks,1,WOD_Rocks_Round_Small_02,-154,584,5,106,73,5841060429,Phrygias,584.828125,-5.4296875,4.0,5.0,0.25
Rocks,1,WOD_Rocks_Round_Small_08,-17,576,11,74,17,5767411100,Phrygias,576.578125,-11.8671875,4.0,5.0,0.25
Rocks,1,WOD_Rocks_Round_Small_08,-50,603,8,14,36,6031408119,Phrygias,603.109375,-8.71875,4.0,5.0,0.25
Rocks,1,WOD_Rocks_Round_Small_04,-16,594,14,64,91,594641347,Phrygias,594.5,-14.2890625,4.0,5.0,0.25
Rocks,1,WOD_Rocks_Round_Small_05,109,578,7,68,63,578680619,Phrygias,578.53125,-7.5078125,4.0,5.0,0.25
Rocks,1,WOD_Rocks_Round_Small_03,-129,472,25,14,17,4721425100,Phrygias,472.109375,-25.8671875,2.0,5.0,0.25
Rocks,1,WOD_Rocks_Round_Small_08,82,580,10,95,90,580950946,Phrygias,580.7421875,-10.296875,4.0,5.0,0.25
Rocks,1,WOD_Rocks_Round_Small_10,-72,581,10,56,123,581560979,Phrygias,581.4375,-10.0390625,4.0,5.0,0.25
Rocks,1,WOD_Rocks_Round_Small_05,-92,584,17,123,58,5841231614,Phrygias,584.9609375,-17.546875,4.0,5.0,0.25
Rocks,1,WOD_Rocks_Round_Small_10,151,579,10,46,104,579460960,Phrygias,579.359375,-10.1875,4.0,5.0,0.25
Rocks,1,WOD_Rocks_Round_Small_08,-10,473,26,40,99,473402555,Phrygias,473.3125,-26.2265625,2.0,5.0,0.25
Rocks,1,WOD_Rocks_Round_Small_01,64,599,25,102,26,59910225109,Phrygias,599.796875,-25.796875,4.0,6.0,0.25
Rocks,1,WOD_Rocks_Round_Small_06,118,608,12,108,22,60810812105,Phrygias,608.84375,-12.828125,4.0,6.0,0.25
Rocks,1,WOD_Rocks_Round_Small_07,-72,597,26,61,19,5976126102,Phrygias,597.4765625,-26.8515625,4.0,6.0,0.25
Rocks,1,WOD_Rocks_Round_Small_01,6,603,10,127,104,6031270960,Phrygias,603.9921875,-10.1875,4.0,6.0,0.25
Rocks,1,WOD_Rocks_Round_Small_09,-141,593,14,88,61,593881317,Phrygias,593.6875,-14.5234375,4.0,6.0,0.25
Rocks,1,WOD_Rocks_Round_Small_05,-83,596,23,13,35,5961323118,Phrygias,596.1015625,-23.7265625,4.0,6.0,0.25
Rocks,1,WOD_Rocks_Round_Small_04,-177,585,8,40,27,5854008110,Phrygias,585.3125,-8.7890625,4.0,6.0,0.25
Rocks,1,WOD_Rocks_Round_Small_03,-54,597,24,20,116,597202372,Phrygias,597.15625,-24.09375,4.0,6.0,0.25
Rocks,1,WOD_Rocks_Round_Small_08,-123,604,9,6,36,6040609119,Phrygias,604.046875,-9.71875,4.0,6.0,0.25
Rocks,1,WOD_Rocks_Round_Small_10,-159,607,12,127,1,6071271284,Phrygias,607.9921875,-12.9921875,4.0,6.0,0.25
Rocks,1,WOD_Rocks_Round_Small_04,113,608,5,13,84,608130440,Phrygias,608.1015625,-5.34375,4.0,6.0,0.25
Rocks,1,WOD_Rocks_Round_Small_02,-82,608,7,4,88,608040644,Phrygias,608.03125,-7.3125,4.0,6.0,0.25
Rocks,1,WOD_Rocks_Round_Small_06,133,600,26,88,53,600882509,Phrygias,600.6875,-26.5859375,4.0,6.0,0.25
Rocks,1,WOD_Rocks_Round_Small_05,113,600,27,37,90,600372646,Phrygias,600.2890625,-27.296875,4.0,6.0,0.25
Rocks,1,WOD_Rocks_Round_Small_09,-18,594,18,110,81,5941101737,Phrygias,594.859375,-18.3671875,4.0,6.0,0.25
Rocks,1,WOD_Rocks_Round_Small_02,-124,595,17,23,66,595231622,Phrygias,595.1796875,-17.484375,4.0,6.0,0.25
Rocks,1,WOD_Rocks_Round_Small_08,121,578,10,60,86,578600942,Phrygias,578.46875,-10.328125,4.0,6.0,0.25
Rocks,1,WOD_Rocks_Round_Small_05,163,599,25,27,45,5992725128,Phrygias,599.2109375,-25.6484375,4.0,6.0,0.25
Rocks,1,WOD_Rocks_Round_Small_01,-1,605,11,78,121,605781077,Phrygias,605.609375,-11.0546875,4.0,6.0,0.25
Rocks,1,WOD_Rocks_Round_Small_06,60,597,18,60,44,597601700,Phrygias,597.46875,-18.65625,4.0,6.0,0.25
Rocks,1,WOD_Rocks_Round_Small_09,-31,605,12,72,122,605721178,Phrygias,605.5625,-12.046875,4.0,6.0,0.25
Rocks,1,WOD_Rocks_Round_Small_05,49,595,26,42,17,5954226100,Phrygias,595.328125,-26.8671875,4.0,6.0,0.25
Rocks,1,WOD_Rocks_Round_Small_06,-96,605,10,33,17,6053310100,Phrygias,605.2578125,-10.8671875,4.0,6.0,0.25
Rocks,1,WOD_Rocks_Round_Small_06,-78,605,10,36,49,605360905,Phrygias,605.28125,-10.6171875,4.0,6.0,0.25
Rocks,1,WOD_Rocks_Round_Small_09,-2,607,12,88,80,607881136,Phrygias,607.6875,-12.375,4.0,6.0,0.25
Rocks,1,WOD_Rocks_Round_Small_01,-175,607,12,118,94,6071181150,Phrygias,607.921875,-12.265625,4.0,6.0,0.25
Rocks,1,WOD_Rocks_Round_Small_09,31,594,21,125,0,5941252183,Phrygias,594.9765625,-22.0,4.0,6.0,0.25
Rocks,1,WOD_Rocks_Round_Small_01,-49,596,15,42,25,5964215108,Phrygias,596.328125,-15.8046875,4.0,6.0,0.25
Rocks,1,WOD_Rocks_Round_Small_08,24,585,8,64,109,585640765,Phrygias,585.5,-8.1484375,4.0,6.0,0.25
Rocks,1,WOD_Rocks_Round_Small_08,-22,608,11,69,7,608691190,Phrygias,608.5390625,-11.9453125,4.0,6.0,0.25
Rocks,1,WOD_Rocks_Round_Small_10,26,600,26,72,125,600722581,Phrygias,600.5625,-26.0234375,4.0,6.0,0.25
Rocks,1,WOD_Rocks_Round_Small_07,-98,585,7,77,8,585770791,Phrygias,585.6015625,-7.9375,4.0,6.0,0.25
Rocks,1,WOD_Rocks_Round_Small_08,68,608,13,76,94,608761250,Phrygias,608.59375,-13.265625,4.0,6.0,0.25
Rocks,1,WOD_Rocks_Round_Small_03,146,600,25,4,59,600042415,Phrygias,600.03125,-25.5390625,4.0,6.0,0.25
Rocks,1,WOD_Rocks_Round_Small_10,169,573,9,22,27,5732209110,Phrygias,573.171875,-9.7890625,4.0,6.0,0.25
Rocks,1,WOD_Rocks_Round_Small_03,0,607,6,76,100,607760556,Phrygias,607.59375,-6.21875,4.0,6.0,0.25
Rocks,1,WOD_Rocks_Round_Small_01,-26,593,22,95,118,593952174,Phrygias,593.7421875,-22.078125,4.0,6.0,0.25
Rocks,1,WOD_Rocks_Round_Small_05,-51,597,24,41,73,597412329,Phrygias,597.3203125,-24.4296875,4.0,6.0,0.25
Rocks,1,WOD_Rocks_Round_Small_02,-177,596,23,50,21,5965023104,Phrygias,596.390625,-23.8359375,4.0,,0.25
Rocks,1,WOD_Rocks_Round_Small_04,-168,592,14,106,0,5921061483,Phrygias,592.828125,-15.0,4.0,,0.25
Rocks,1,WOD_Rocks_Round_Small_09,-127,604,9,12,4,604120987,Phrygias,604.09375,-9.96875,4.0,,0.25
Rocks,1,WOD_Rocks_Round_Small_03,-145,596,11,17,113,596171069,Phrygias,596.1328125,-11.1171875,4.0,,0.25
Rocks,1,WOD_Rocks_Round_Small_02,-155,593,14,63,80,593631336,Phrygias,593.4921875,-14.375,4.0,,0.25
Rocks,1,WOD_Rocks_Round_Small_03,84,605,11,127,95,6051271051,Phrygias,605.9921875,-11.2578125,4.0,,0.25
Rocks,1,WOD_Rocks_Round_Small_03,131,598,26,47,88,598472544,Phrygias,598.3671875,-26.3125,4.0,,0.25
Rocks,1,WOD_Rocks_Round_Small_02,53,594,16,38,33,5943816116,Phrygias,594.296875,-16.7421875,4.0,,0.25
Rocks,1,WOD_Rocks_Round_Small_05,140,609,12,95,105,609951161,Phrygias,609.7421875,-12.1796875,4.0,,0.25
Rocks,1,WOD_Rocks_Round_Small_02,24,598,23,51,27,5985123110,Phrygias,598.3984375,-23.7890625,4.0,,0.25
Rocks,1,WOD_Rocks_Round_Small_03,-67,584,7,120,16,5841200799,Phrygias,584.9375,-7.875,4.0,,0.25
Rocks,1,WOD_Rocks_Round_Small_09,-10,583,23,22,112,583222268,Phrygias,583.171875,-23.125,1.0,,0.25
Rocks,1,WOD_Rocks_Round_Small_05,146,592,15,102,112,5921021468,Phrygias,592.796875,-15.125,4.0,,0.25
Rocks,1,WOD_Rocks_Round_Small_03,-21,578,10,114,100,5781140956,Phrygias,578.890625,-10.21875,4.0,,0.25
Rocks,1,WOD_Rocks_Round_Small_07,-108,605,11,81,1,605811184,Phrygias,605.6328125,-11.9921875,4.0,,0.25
Rocks,1,WOD_Rocks_Round_Small_03,173,604,8,101,48,6041010704,Phrygias,604.7890625,-8.625,4.0,,0.25
Rocks,1,WOD_Rocks_Round_Small_07,-1,604,9,17,48,604170804,Phrygias,604.1328125,-9.625,4.0,,0.25
Rocks,1,WOD_Rocks_Round_Small_08,-95,585,7,45,5,585450788,Phrygias,585.3515625,-7.9609375,4.0,,0.25
Rocks,1,WOD_Rocks_Round_Small_05,109,596,17,110,81,5961101637,Phrygias,596.859375,-17.3671875,4.0,,0.25
Rocks,1,WOD_Rocks_Round_Small_04,170,609,11,36,90,609361046,Phrygias,609.28125,-11.296875,4.0,,0.25
Rocks,1,WOD_Rocks_Round_Small_03,-57,596,17,81,109,596811665,Phrygias,596.6328125,-17.1484375,4.0,,0.25
Rocks,1,WOD_Rocks_Round_Small_06,164,594,23,79,50,594792206,Phrygias,594.6171875,-23.609375,4.0,,0.25
Rocks,1,WOD_Rocks_Round_Small_01,155,604,8,95,56,604950712,Phrygias,604.7421875,-8.5625,4.0,,0.25
Rocks,1,WOD_Rocks_Round_Small_08,-28,598,26,42,63,598422519,Phrygias,598.328125,-26.5078125,4.0,,0.25
Rocks,1,WOD_Rocks_Round_Small_06,-73,607,6,114,62,6071140518,Phrygias,607.890625,-6.515625,4.0,,0.25
Rocks,1,WOD_Rocks_Round_Small_02,31,603,8,102,7,6031020890,Phrygias,603.796875,-8.9453125,4.0,,0.25
Rocks,1,WOD_Rocks_Round_Small_03,19,598,25,110,122,5981102478,Phrygias,598.859375,-25.046875,4.0,,0.25
Rocks,1,WOD_Rocks_Round_Small_03,9,609,11,70,84,609701040,Phrygias,609.546875,-11.34375,4.0,,0.25
Rocks,1,WOD_Rocks_Round_Small_07,-68,578,10,96,86,578960942,Phrygias,578.75,-10.328125,4.0,,0.25
Rocks,1,WOD_Rocks_Round_Small_09,174,573,10,9,105,573090961,Phrygias,573.0703125,-10.1796875,4.0,,0.25
Rocks,1,WOD_Rocks_Round_Small_04,79,595,23,102,21,59510223104,Phrygias,595.796875,-23.8359375,4.0,,0.25
Rocks,1,WOD_Rocks_Round_Small_08,160,597,18,6,48,597061704,Phrygias,597.046875,-18.625,4.0,,0.25
Rocks,1,WOD_Rocks_Round_Small_09,60,608,5,124,19,60812405102,Phrygias,608.96875,-5.8515625,4.0,,0.25
Rocks,1,WOD_Rocks_Round_Small_05,139,584,8,95,116,584950772,Phrygias,584.7421875,-8.09375,4.0,,0.25
Rocks,1,WOD_Rocks_Round_Small_08,94,598,24,12,36,5981224119,Phrygias,598.09375,-24.71875,4.0,6.0,0.25
Rocks,1,WOD_Rocks_Round_Small_06,3,581,15,52,102,581521458,Phrygias,581.40625,-15.203125,4.0,6.0,0.25
Rocks,1,WOD_Rocks_Round_Small_10,-31,592,14,83,50,592831306,Phrygias,592.6484375,-14.609375,4.0,6.0,0.25
Rocks,1,WOD_Rocks_Round_Small_06,-45,596,18,9,9,596091892,Phrygias,596.0703125,-18.9296875,4.0,6.0,0.25
Rocks,1,WOD_Rocks_Round_Small_08,-115,596,22,18,111,596182167,Phrygias,596.140625,-22.1328125,4.0,6.0,0.25
Rocks,1,WOD_Rocks_Round_Small_10,113,583,22,49,66,583492122,Phrygias,583.3828125,-22.484375,4.0,6.0,0.25
Rocks,1,WOD_Rocks_Round_Small_03,98,596,19,59,113,596591869,Phrygias,596.4609375,-19.1171875,4.0,6.0,0.25
Rocks,1,WOD_Rocks_Round_Small_07,180,585,8,78,125,585780781,Phrygias,585.609375,-8.0234375,4.0,6.0,0.25
Rocks,1,WOD_Rocks_Round_Small_10,0,583,23,63,93,583632249,Phrygias,583.4921875,-23.2734375,1.0,6.0,0.25
Rocks,1,WOD_Rocks_Round_Small_06,-26,608,4,49,3,608490486,Phrygias,608.3828125,-4.9765625,4.0,6.0,0.25
Rocks,1,WOD_Rocks_Round_Small_05,178,573,10,96,91,573960947,Phrygias,573.75,-10.2890625,4.0,6.0,0.25
Rocks,1,WOD_Rocks_Round_Small_04,100,594,24,120,95,5941202351,Phrygias,594.9375,-24.2578125,4.0,6.0,0.25
Rocks,1,WOD_Rocks_Round_Small_05,-8,599,27,52,118,599522674,Phrygias,599.40625,-27.078125,4.0,6.0,0.25
Rocks,1,WOD_Rocks_Round_Small_08,150,609,5,13,13,609130596,Phrygias,609.1015625,-5.8984375,4.0,6.0,0.25
Rocks,1,WOD_Rocks_Round_Small_08,-180,583,23,114,18,58311423101,Phrygias,583.890625,-23.859375,1.0,6.0,0.25
Rocks,1,WOD_Rocks_Round_Small_02,7,608,12,42,91,608421147,Phrygias,608.328125,-12.2890625,4.0,6.0,0.25
Rocks,1,WOD_Rocks_Round_Small_09,42,604,10,40,62,604400918,Phrygias,604.3125,-10.515625,4.0,6.0,0.25
Rocks,1,WOD_Rocks_Round_Small_08,-174,598,24,59,18,5985924101,Phrygias,598.4609375,-24.859375,4.0,6.0,0.25
Rocks,1,WOD_Rocks_Round_Small_03,154,583,23,3,31,5830323114,Phrygias,583.0234375,-23.7578125,1.0,6.0,0.25
Rocks,1,WOD_Rocks_Round_Small_08,95,585,11,3,121,585031077,Phrygias,585.0234375,-11.0546875,4.0,6.0,0.25
Rocks,1,WOD_Rocks_Round_Small_03,-121,609,8,106,33,60910608116,Phrygias,609.828125,-8.7421875,4.0,6.0,0.25
Rocks,1,WOD_Rocks_Round_Small_07,82,584,11,127,98,5841271054,Phrygias,584.9921875,-11.234375,4.0,6.0,0.25
Rocks,1,WOD_Rocks_Round_Small_03,-96,608,12,46,10,608461293,Phrygias,608.359375,-12.921875,4.0,6.0,0.25
Rocks,1,WOD_Rocks_Round_Small_01,-165,596,23,100,14,5961002397,Phrygias,596.78125,-23.890625,4.0,6.0,0.25
Rocks,1,WOD_Rocks_Round_Small_08,-104,573,9,52,17,5735209100,Phrygias,573.40625,-9.8671875,4.0,6.0,0.25
Rocks,1,WOD_Rocks_Round_Small_04,-145,608,13,118,96,6081181252,Phrygias,608.921875,-13.25,4.0,6.0,0.25
Rocks,1,WOD_Rocks_Round_Small_02,20,600,26,125,77,6001252533,Phrygias,600.9765625,-26.3984375,4.0,6.0,0.25
Rocks,1,WOD_Rocks_Round_Small_09,-124,601,27,8,84,601082640,Phrygias,601.0625,-27.34375,4.0,6.0,0.25
Rocks,1,WOD_Rocks_Round_Small_01,26,596,15,31,13,596311596,Phrygias,596.2421875,-15.8984375,4.0,6.0,0.25
Rocks,1,WOD_Rocks_Round_Small_06,106,584,10,90,1,584901084,Phrygias,584.703125,-10.9921875,4.0,6.0,0.25
Rocks,1,WOD_Rocks_Round_Small_05,-59,598,27,36,75,598362631,Phrygias,598.28125,-27.4140625,4.0,6.0,0.25
Rocks,1,WOD_Rocks_Round_Small_03,-69,594,17,109,105,5941091661,Phrygias,594.8515625,-17.1796875,4.0,6.0,0.25
Rocks,1,WOD_Rocks_Round_Small_08,83,594,14,110,14,5941101497,Phrygias,594.859375,-14.890625,4.0,6.0,0.25
Rocks,1,WOD_Rocks_Round_Small_03,-152,607,8,82,14,607820897,Phrygias,607.640625,-8.890625,4.0,6.0,0.25
Rocks,1,WOD_Rocks_Round_Small_08,8,609,11,61,18,6096111101,Phrygias,609.4765625,-11.859375,4.0,6.0,0.25
Rocks,1,WOD_Rocks_Round_Small_07,-129,585,7,24,72,585240628,Phrygias,585.1875,-7.4375,4.0,6.0,0.25
Rocks,1,WOD_Rocks_Round_Small_03,177,605,10,63,45,605630901,Phrygias,605.4921875,-10.6484375,4.0,6.0,0.25
Rocks,1,WOD_Rocks_Round_Small_05,-31,584,7,96,72,584960628,Phrygias,584.75,-7.4375,4.0,6.0,0.25
Rocks,1,WOD_Rocks_Round_Small_08,70,581,15,38,80,581381436,Phrygias,581.296875,-15.375,4.0,6.0,0.25
Rocks,1,WOD_Rocks_Round_Small_10,113,594,20,28,4,594282087,Phrygias,594.21875,-20.96875,4.0,6.0,0.25
Rocks,1,WOD_Rocks_Round_Small_09,5,595,18,115,50,5951151706,Phrygias,595.8984375,-18.609375,4.0,7.0,0.25
Rocks,1,WOD_Rocks_Round_Small_06,-5,594,22,92,123,594922179,Phrygias,594.71875,-22.0390625,4.0,7.0,0.25
Rocks,1,WOD_Rocks_Round_Small_06,116,593,14,84,45,5938414128,Phrygias,593.65625,-14.6484375,4.0,7.0,0.25
Rocks,1,WOD_Rocks_Round_Small_04,165,593,14,26,7,593261490,Phrygias,593.203125,-14.9453125,4.0,7.0,0.25
Rocks,1,WOD_Rocks_Round_Small_04,-30,594,16,56,52,594561508,Phrygias,594.4375,-16.59375,4.0,7.0,0.25
Rocks,1,WOD_Rocks_Round_Small_09,-98,595,16,52,100,595521556,Phrygias,595.40625,-16.21875,4.0,7.0,0.25
Rocks,1,WOD_Rocks_Round_Small_05,77,594,22,96,58,594962114,Phrygias,594.75,-22.546875,4.0,7.0,0.25
Rocks,1,WOD_Rocks_Round_Small_09,19,595,22,31,63,595312119,Phrygias,595.2421875,-22.5078125,4.0,7.0,0.25
Rocks,1,WOD_Rocks_Round_Small_03,140,594,15,44,109,594441465,Phrygias,594.34375,-15.1484375,4.0,7.0,0.25
Rocks,1,WOD_Rocks_Round_Small_09,-8,594,22,67,54,594672110,Phrygias,594.5234375,-22.578125,4.0,7.0,0.25
Rocks,1,WOD_Rocks_Round_Small_10,23,594,15,116,0,5941161583,Phrygias,594.90625,-16.0,4.0,7.0,0.25
Rocks,1,WOD_Rocks_Round_Small_01,103,609,11,97,100,609971056,Phrygias,609.7578125,-11.21875,4.0,7.0,0.25
Rocks,1,WOD_Rocks_Round_Small_03,130,609,7,3,49,609030605,Phrygias,609.0234375,-7.6171875,4.0,7.0,0.25
Rocks,1,WOD_Rocks_Round_Small_10,105,608,6,110,112,6081100568,Phrygias,608.859375,-6.125,4.0,7.0,0.25
Rocks,1,WOD_Rocks_Round_Small_10,38,593,15,122,88,5931221444,Phrygias,593.953125,-15.3125,4.0,7.0,0.25
Rocks,1,WOD_Rocks_Round_Small_07,89,596,23,3,103,596032259,Phrygias,596.0234375,-23.1953125,4.0,7.0,0.25
Rocks,1,WOD_Rocks_Round_Small_05,92,574,11,70,121,574701077,Phrygias,574.546875,-11.0546875,4.0,7.0,0.25
Rocks,1,WOD_Rocks_Round_Small_07,-92,593,15,122,84,5931221440,Phrygias,593.953125,-15.34375,4.0,7.0,0.25
Rocks,1,WOD_Rocks_Round_Small_05,-107,595,22,54,18,5955422101,Phrygias,595.421875,-22.859375,4.0,7.0,0.25
Rocks,1,WOD_Rocks_Round_Small_05,-78,596,17,3,80,596031636,Phrygias,596.0234375,-17.375,4.0,7.0,0.25
Rocks,1,WOD_Rocks_Round_Small_10,72,609,6,40,8,609400691,Phrygias,609.3125,-6.9375,4.0,7.0,0.25
Rocks,1,WOD_Rocks_Round_Small_08,11,594,22,111,107,5941112163,Phrygias,594.8671875,-22.1640625,4.0,7.0,0.25
Rocks,1,WOD_Rocks_Round_Small_03,-111,594,16,51,76,594511532,Phrygias,594.3984375,-16.40625,4.0,7.0,0.25
Rocks,1,WOD_Rocks_Round_Small_09,89,594,23,86,104,594862260,Phrygias,594.671875,-23.1875,4.0,7.0,0.25
Rocks,1,WOD_Rocks_Round_Small_05,3,609,7,56,89,609560645,Phrygias,609.4375,-7.3046875,4.0,7.0,0.25
Rocks,1,WOD_Rocks_Round_Small_08,-8,593,15,82,109,593821465,Phrygias,593.640625,-15.1484375,4.0,7.0,0.25
Rocks,1,WOD_Rocks_Round_Small_08,77,595,17,88,63,595881619,Phrygias,595.6875,-17.5078125,4.0,7.0,0.25
Rocks,1,WOD_Rocks_Round_Small_05,-168,595,23,0,61,595002217,Phrygias,595.0,-23.5234375,4.0,7.0,0.25
Rocks,1,WOD_Rocks_Round_Small_07,151,608,6,61,36,6086106119,Phrygias,608.4765625,-6.71875,4.0,7.0,0.25
Rocks,1,WOD_Rocks_Round_Small_09,90,594,21,101,25,59410121108,Phrygias,594.7890625,-21.8046875,4.0,7.0,0.25
Rocks,1,WOD_Rocks_Round_Small_10,-97,596,18,17,50,596171706,Phrygias,596.1328125,-18.609375,4.0,7.0,0.25
Rocks,1,WOD_Rocks_Round_Small_01,-31,608,6,123,26,60812306109,Phrygias,608.9609375,-6.796875,4.0,7.0,0.25
Rocks,1,WOD_Rocks_Round_Small_01,-107,609,6,64,3,609640686,Phrygias,609.5,-6.9765625,4.0,7.0,0.25
Rocks,1,WOD_Rocks_Round_Small_04,42,594,15,3,21,5940315104,Phrygias,594.0234375,-15.8359375,4.0,7.0,0.25
Rocks,1,WOD_Rocks_Round_Small_09,-116,574,10,27,44,5742710127,Phrygias,574.2109375,-10.65625,4.0,7.0,0.25
Rocks,1,WOD_Rocks_Round_Small_10,101,608,6,100,19,60810006102,Phrygias,608.78125,-6.8515625,4.0,7.0,0.25
Rocks,1,WOD_Rocks_Round_Small_06,31,609,7,110,25,60911007108,Phrygias,609.859375,-7.8046875,4.0,7.0,0.25
Rocks,1,WOD_Rocks_Round_Small_09,-72,599,26,118,91,5991182547,Phrygias,599.921875,-26.2890625,4.0,7.0,0.25
Rocks,1,WOD_Rocks_Round_Small_08,-172,596,18,55,57,596551713,Phrygias,596.4296875,-18.5546875,4.0,7.0,0.25
Rocks,1,WOD_Rocks_Round_Small_06,178,594,16,77,95,594771551,Phrygias,594.6015625,-16.2578125,4.0,7.0,0.25
Rocks,1,WOD_Rocks_Round_Small_10,153,595,23,84,84,595842240,Phrygias,595.65625,-23.34375,4.0,7.0,0.25
Rocks,1,WOD_Rocks_Round_Small_05,4,594,22,74,105,594742161,Phrygias,594.578125,-22.1796875,4.0,7.0,0.25
Rocks,1,WOD_Rocks_Round_Small_10,159,609,8,63,105,609630761,Phrygias,609.4921875,-8.1796875,4.0,7.0,0.25
Rocks,1,WOD_Rocks_Round_Small_10,-43,594,23,105,102,5941052258,Phrygias,594.8203125,-23.203125,4.0,7.0,0.25
Rocks,1,WOD_Rocks_Round_Small_05,175,594,22,65,40,5946522123,Phrygias,594.5078125,-22.6875,4.0,7.0,0.25
Rocks,1,WOD_Rocks_Round_Small_10,-21,595,23,101,85,5951012241,Phrygias,595.7890625,-23.3359375,4.0,7.0,0.25
Rocks,1,WOD_Rocks_Round_Small_09,-12,595,22,47,16,595472299,Phrygias,595.3671875,-22.875,4.0,7.0,0.25
Rocks,1,WOD_Rocks_Round_Small_03,-148,593,15,110,59,5931101415,Phrygias,593.859375,-15.5390625,4.0,7.0,0.25
Rocks,1,WOD_Rocks_Round_Small_09,-152,609,11,119,79,6091191035,Phrygias,609.9296875,-11.3828125,4.0,7.0,0.25
Rocks,1,WOD_Rocks_Round_Small_01,114,595,18,49,75,595491731,Phrygias,595.3828125,-18.4140625,4.0,7.0,0.25
Rocks,1,WOD_Rocks_Round_Small_05,25,609,6,13,22,6091306105,Phrygias,609.1015625,-6.828125,4.0,7.0,0.25
Rocks,1,WOD_Rocks_Round_Small_05,156,581,8,38,54,581380854,Phrygias,581.296875,-8.578125,4.0,5.0,0.25
Rocks,1,WOD_Rocks_Round_Small_04,178,601,26,82,86,601822686,Phrygias,601.640625,-26.328125,4.0,5.0,0.25
Rocks,1,WOD_Rocks_Round_Small_05,-69,580,15,14,77,580141577,Phrygias,580.109375,-15.3984375,4.0,5.0,0.25
Rocks,1,WOD_Rocks_Round_Small_09,112,471,24,118,0,4711182400,Phrygias,471.921875,-25.0,2.0,5.0,0.25
Rocks,1,WOD_Rocks_Round_Small_08,-25,608,10,97,92,608971092,Phrygias,608.7578125,-10.28125,4.0,5.0,0.25
Rocks,1,WOD_Rocks_Round_Small_03,-118,596,26,120,82,5961202682,Phrygias,596.9375,-26.359375,4.0,5.0,0.25
Rocks,1,WOD_Rocks_Round_Small_10,-83,584,8,88,24,584880824,Phrygias,584.6875,-8.8125,4.0,5.0,0.25
Rocks,1,WOD_Rocks_Round_Small_05,-144,585,17,10,1,585101701,Phrygias,585.078125,-17.9921875,4.0,5.0,0.25
Rocks,1,WOD_Rocks_Round_Small_09,-15,580,9,106,61,5801060961,Phrygias,580.828125,-9.5234375,4.0,5.0,0.25
Rocks,1,WOD_Rocks_Round_Small_05,168,593,21,101,97,5931012197,Phrygias,593.7890625,-21.2421875,4.0,5.0,0.25
Rocks,1,WOD_Rocks_Round_Small_01,118,601,9,90,14,601900914,Phrygias,601.703125,-9.890625,4.0,5.0,0.25
Rocks,1,WOD_Rocks_Round_Small_01,-11,585,14,78,47,585781447,Phrygias,585.609375,-14.6328125,4.0,5.0,0.25
Rocks,1,WOD_Rocks_Round_Small_03,-122,587,11,63,67,587631167,Phrygias,587.4921875,-11.4765625,4.0,5.0,0.25
Rocks,1,WOD_Rocks_Round_Small_10,-144,581,23,64,109,5816423109,Phrygias,581.5,-23.1484375,1.0,5.0,0.25
Rocks,1,WOD_Rocks_Round_Small_03,98,472,27,82,127,4728227127,Phrygias,472.640625,-27.0078125,2.0,5.0,0.25
Rocks,1,WOD_Rocks_Round_Small_02,-100,575,11,115,31,5751151131,Phrygias,575.8984375,-11.7578125,4.0,5.0,0.25
Rocks,1,WOD_Rocks_Round_Small_02,-79,596,24,36,56,596362456,Phrygias,596.28125,-24.5625,4.0,5.0,0.25
Rocks,1,WOD_Rocks_Round_Small_10,140,583,5,124,105,58312405105,Phrygias,583.96875,-5.1796875,4.0,5.0,0.25
Rocks,1,WOD_Rocks_Round_Small_06,-54,593,22,20,69,593202269,Phrygias,593.15625,-22.4609375,4.0,5.0,0.25
Rocks,1,WOD_Rocks_Round_Small_06,36,605,8,65,100,6056508100,Phrygias,605.5078125,-8.21875,4.0,5.0,0.25
Rocks,1,WOD_Rocks_Round_Small_09,-43,578,9,120,41,5781200941,Phrygias,578.9375,-9.6796875,4.0,5.0,0.25
Rocks,1,WOD_Rocks_Round_Small_01,140,571,8,99,15,571990815,Phrygias,571.7734375,-8.8828125,4.0,5.0,0.25
Rocks,1,WOD_Rocks_Round_Small_06,-169,580,9,105,95,5801050995,Phrygias,580.8203125,-9.2578125,4.0,5.0,0.25
Rocks,1,WOD_Rocks_Round_Small_04,179,607,10,8,111,6070810111,Phrygias,607.0625,-10.1328125,4.0,5.0,0.25
Rocks,1,WOD_Rocks_Round_Small_02,-38,579,14,99,4,579991404,Phrygias,579.7734375,-14.96875,4.0,5.0,0.25
Rocks,1,WOD_Rocks_Round_Small_01,78,602,4,119,120,60211904120,Phrygias,602.9296875,-4.0625,4.0,5.0,0.25
Rocks,1,WOD_Rocks_Round_Small_07,-148,471,24,101,44,4711012444,Phrygias,471.7890625,-24.65625,2.0,5.0,0.25
Rocks,1,WOD_Rocks_Round_Small_01,-96,579,9,72,28,579720928,Phrygias,579.5625,-9.78125,4.0,5.0,0.25
Rocks,1,WOD_Rocks_Round_Small_07,53,580,21,127,59,5801272159,Phrygias,580.9921875,-21.5390625,1.0,5.0,0.25
Rocks,1,WOD_Rocks_Round_Small_07,-5,580,4,123,99,5801230499,Phrygias,580.9609375,-4.2265625,4.0,5.0,0.25
Rocks,1,WOD_Rocks_Round_Small_03,-2,593,14,67,101,5936714101,Phrygias,593.5234375,-14.2109375,4.0,5.0,0.25
Rocks,1,WOD_Rocks_Round_Small_04,158,575,12,5,97,575051297,Phrygias,575.0390625,-12.2421875,4.0,5.0,0.25
Rocks,1,WOD_Rocks_Round_Small_08,-47,583,11,118,102,58311811102,Phrygias,583.921875,-11.203125,4.0,5.0,0.25
Rocks,1,WOD_Rocks_Round_Small_09,-132,606,1,74,124,6067401124,Phrygias,606.578125,-1.03125,4.0,5.0,0.25
Rocks,1,WOD_Rocks_Round_Small_01,-136,595,10,93,60,595931060,Phrygias,595.7265625,-10.53125,4.0,5.0,0.25
Rocks,1,WOD_Rocks_Round_Small_09,-160,601,9,61,27,601610927,Phrygias,601.4765625,-9.7890625,4.0,5.0,0.25
Rocks,1,WOD_Rocks_Round_Small_02,-6,580,10,56,125,5805610125,Phrygias,580.4375,-10.0234375,4.0,5.0,0.25
Rocks,1,WOD_Rocks_Round_Small_09,-18,473,25,26,76,473262576,Phrygias,473.203125,-25.40625,2.0,5.0,0.25
Rocks,1,WOD_Rocks_Round_Small_01,126,598,19,1,93,598011993,Phrygias,598.0078125,-19.2734375,4.0,5.0,0.25
Rocks,1,WOD_Rocks_Round_Small_05,-163,587,10,20,105,5872010105,Phrygias,587.15625,-10.1796875,4.0,5.0,0.25
Rocks,1,WOD_Rocks_Round_Small_01,90,580,6,125,64,5801250664,Phrygias,580.9765625,-6.5,4.0,5.0,0.25
Rocks,1,WOD_Rocks_Round_Small_08,163,576,7,17,31,576170731,Phrygias,576.1328125,-7.7578125,4.0,5.0,0.25
Rocks,1,WOD_Rocks_Round_Small_01,-133,595,10,33,84,595331084,Phrygias,595.2578125,-10.34375,4.0,5.0,0.25
Rocks,1,WOD_Rocks_Round_Small_09,-141,606,6,99,78,606990678,Phrygias,606.7734375,-6.390625,4.0,5.0,0.25
Rocks,1,WOD_Rocks_Round_Small_06,-126,607,11,3,24,607031124,Phrygias,607.0234375,-11.8125,4.0,5.0,0.25
Rocks,1,WOD_Rocks_Round_Small_07,-120,593,23,51,125,5935123125,Phrygias,593.3984375,-23.0234375,4.0,5.0,0.25
Rocks,1,WOD_Rocks_Round_Small_04,31,583,21,14,23,583142123,Phrygias,583.109375,-21.8203125,4.0,5.0,0.25
Rocks,1,WOD_Rocks_Round_Small_10,-67,606,11,69,119,6066911119,Phrygias,606.5390625,-11.0703125,4.0,5.0,0.25
Rocks,1,WOD_Rocks_Round_Small_04,-66,581,5,65,70,581650570,Phrygias,581.5078125,-5.453125,4.0,5.0,0.25
Rocks,1,WOD_Rocks_Round_Small_07,-96,584,5,69,68,584690568,Phrygias,584.5390625,-5.46875,4.0,5.0,0.25
Rocks,1,WOD_Rocks_Round_Small_05,-94,602,1,9,114,6020901114,Phrygias,602.0703125,-1.109375,4.0,5.0,0.25
Rocks,1,WOD_Rocks_Round_Small_10,144,580,21,91,32,580912132,Phrygias,580.7109375,-21.75,1.0,5.0,0.25
Rocks,1,WOD_Rocks_Round_Small_07,81,608,8,101,40,6081010840,Phrygias,608.7890625,-8.6875,4.0,5.0,0.25
Rocks,1,WOD_Rocks_Round_Small_06,-102,606,5,82,108,6068205108,Phrygias,606.640625,-5.15625,4.0,5.0,0.25
Rocks,1,WOD_Rocks_Round_Small_04,-156,584,17,58,33,584581733,Phrygias,584.453125,-17.7421875,4.0,5.0,0.25
Rocks,1,WOD_Rocks_Round_Small_05,100,598,24,104,90,5981042490,Phrygias,598.8125,-24.296875,4.0,5.0,0.25
Rocks,1,WOD_Rocks_Round_Small_04,-12,594,26,113,31,5941132631,Phrygias,594.8828125,-26.7578125,4.0,5.0,0.25
Rocks,1,WOD_Rocks_Round_Small_08,172,582,12,60,82,582601282,Phrygias,582.46875,-12.359375,4.0,5.0,0.25
Rocks,1,WOD_Rocks_Round_Small_08,-141,597,25,60,65,597602565,Phrygias,597.46875,-25.4921875,4.0,5.0,0.25
Rocks,1,WOD_Rocks_Round_Small_06,23,472,27,32,77,472322777,Phrygias,472.25,-27.3984375,2.0,5.0,0.25
Rocks,1,WOD_Rocks_Round_Small_05,-139,587,9,27,64,587270964,Phrygias,587.2109375,-9.5,4.0,5.0,0.25
Rocks,1,WOD_Rocks_Round_Small_01,-113,594,18,82,83,594821883,Phrygias,594.640625,-18.3515625,4.0,5.0,0.25
Rocks,1,WOD_Rocks_Round_Small_09,152,597,22,72,96,597722296,Phrygias,597.5625,-22.25,4.0,5.0,0.25
Rocks,1,WOD_Rocks_Round_Small_10,81,596,11,86,61,596861161,Phrygias,596.671875,-11.5234375,4.0,5.0,0.25
Rocks,1,WOD_Rocks_Round_Small_03,42,578,11,74,74,578741174,Phrygias,578.578125,-11.421875,4.0,5.0,0.25
Rocks,1,WOD_Rocks_Round_Small_01,14,586,11,3,28,586031128,Phrygias,586.0234375,-11.78125,4.0,5.0,0.25
Rocks,1,WOD_Rocks_Round_Small_05,-9,585,10,1,88,585011088,Phrygias,585.0078125,-10.3125,4.0,5.0,0.25
Rocks,1,WOD_Rocks_Round_Small_04,-104,471,24,118,28,4711182428,Phrygias,471.921875,-24.78125,2.0,5.0,0.25
Rocks,1,WOD_Rocks_Round_Small_08,-9,602,1,119,124,60211901124,Phrygias,602.9296875,-1.03125,4.0,5.0,0.25
Rocks,1,WOD_Rocks_Round_Small_07,124,582,21,82,31,582822131,Phrygias,582.640625,-21.7578125,1.0,5.0,0.25
Rocks,1,WOD_Rocks_Round_Small_08,136,596,11,70,46,596701146,Phrygias,596.546875,-11.640625,4.0,5.0,0.25
Rocks,1,WOD_Rocks_Round_Small_04,-69,581,22,24,120,5812422120,Phrygias,581.1875,-22.0625,1.0,5.0,0.25
Rocks,1,WOD_Rocks_Round_Small_06,-178,602,1,70,84,602700184,Phrygias,602.546875,-1.34375,4.0,5.0,0.25
Rocks,1,WOD_Rocks_Round_Small_07,91,597,20,104,91,5971042091,Phrygias,597.8125,-20.2890625,4.0,5.0,0.25
Rocks,1,WOD_Rocks_Round_Small_01,-92,582,12,5,106,5820512106,Phrygias,582.0390625,-12.171875,4.0,5.0,0.25
Rocks,1,WOD_Rocks_Round_Small_06,44,579,14,37,64,579371464,Phrygias,579.2890625,-14.5,4.0,5.0,0.25
Rocks,1,WOD_Rocks_Round_Small_05,30,581,7,76,44,581760744,Phrygias,581.59375,-7.65625,4.0,5.0,0.25
Rocks,1,WOD_Rocks_Round_Small_06,12,597,20,31,87,597312087,Phrygias,597.2421875,-20.3203125,4.0,5.0,0.25
Rocks,1,WOD_Rocks_Round_Small_06,22,585,9,113,95,5851130995,Phrygias,585.8828125,-9.2578125,4.0,5.0,0.25
Rocks,1,WOD_Rocks_Round_Small_05,-172,601,9,92,49,601920949,Phrygias,601.71875,-9.6171875,4.0,5.0,0.25
Rocks,1,WOD_Rocks_Round_Small_07,-128,593,22,15,82,593152282,Phrygias,593.1171875,-22.359375,4.0,5.0,0.25
Rocks,1,WOD_Rocks_Round_Small_05,-60,581,13,68,67,581681367,Phrygias,581.53125,-13.4765625,4.0,5.0,0.25
Rocks,1,WOD_Rocks_Round_Small_05,-33,486,24,83,46,486832446,Phrygias,486.6484375,-24.640625,2.0,5.0,0.25
Rocks,1,WOD_Rocks_Round_Small_04,83,584,21,37,58,584372158,Phrygias,584.2890625,-21.546875,4.0,5.0,0.25
Rocks,1,WOD_Rocks_Round_Small_06,-50,585,7,110,83,5851100783,Phrygias,585.859375,-7.3515625,4.0,5.0,0.25
Rocks,1,WOD_Rocks_Round_Small_02,-149,585,12,86,105,5858612105,Phrygias,585.671875,-12.1796875,4.0,5.0,0.25
Rocks,1,WOD_Rocks_Round_Small_05,-139,584,10,104,42,5841041042,Phrygias,584.8125,-10.671875,4.0,5.0,0.25
Rocks,1,WOD_Rocks_Round_Small_08,4,604,8,106,96,6041060896,Phrygias,604.828125,-8.25,4.0,5.0,0.25
Rocks,1,WOD_Rocks_Round_Small_04,150,576,8,114,45,5761140845,Phrygias,576.890625,-8.6484375,4.0,5.0,0.25
Rocks,1,WOD_Rocks_Round_Small_07,98,576,8,63,116,5766308116,Phrygias,576.4921875,-8.09375,4.0,5.0,0.25
Rocks,1,WOD_Rocks_Round_Small_03,-60,581,14,8,109,5810814109,Phrygias,581.0625,-14.1484375,4.0,5.0,0.25
Rocks,1,WOD_Rocks_Round_Small_08,67,580,12,127,41,5801271241,Phrygias,580.9921875,-12.6796875,4.0,5.0,0.25
Rocks,1,WOD_Rocks_Round_Small_06,-65,582,7,36,60,582360760,Phrygias,582.28125,-7.53125,4.0,5.0,0.25
Rocks,1,WOD_Rocks_Round_Small_07,-77,582,10,24,56,582241056,Phrygias,582.1875,-10.5625,4.0,5.0,0.25
Rocks,1,WOD_Rocks_Round_Small_08,118,577,8,92,32,577920832,Phrygias,577.71875,-8.75,4.0,5.0,0.25
Rocks,1,WOD_Rocks_Round_Small_10,146,579,9,33,113,5793309113,Phrygias,579.2578125,-9.1171875,4.0,5.0,0.25
Rocks,1,WOD_Rocks_Round_Small_02,112,581,4,74,50,581740450,Phrygias,581.578125,-4.609375,4.0,5.0,0.25
Rocks,1,WOD_Rocks_Round_Small_05,-43,581,4,68,41,581680441,Phrygias,581.53125,-4.6796875,4.0,5.0,0.25
Rocks,1,WOD_Rocks_Round_Small_10,60,582,12,1,111,5820112111,Phrygias,582.0078125,-12.1328125,4.0,5.0,0.25
Rocks,1,WOD_Rocks_Round_Small_09,121,583,11,96,110,5839611110,Phrygias,583.75,-11.140625,4.0,5.0,0.25
Rocks,1,WOD_Rocks_Round_Small_08,-153,576,8,28,120,5762808120,Phrygias,576.21875,-8.0625,4.0,5.0,0.25
Rocks,1,WOD_Rocks_Round_Small_01,-74,597,25,56,50,597562550,Phrygias,597.4375,-25.609375,4.0,5.0,0.25
Rocks,1,WOD_Rocks_Round_Small_01,36,597,26,95,114,5979526114,Phrygias,597.7421875,-26.109375,4.0,5.0,0.25
Rocks,1,WOD_Rocks_Round_Small_01,94,580,12,67,60,580671260,Phrygias,580.5234375,-12.53125,4.0,5.0,0.25
Rocks,1,WOD_Rocks_Round_Small_09,-19,478,24,87,56,478872456,Phrygias,478.6796875,-24.5625,2.0,5.0,0.25
Rocks,1,WOD_Rocks_Round_Small_08,41,597,20,90,86,597902086,Phrygias,597.703125,-20.328125,4.0,5.0,0.25
Rocks,1,WOD_Rocks_Round_Small_07,-135,582,10,40,64,582401064,Phrygias,582.3125,-10.5,4.0,5.0,0.25
Rocks,1,WOD_Rocks_Round_Small_09,20,586,9,54,38,586540938,Phrygias,586.421875,-9.703125,4.0,5.0,0.25
Rocks,1,WOD_Rocks_Round_Small_06,-23,576,12,101,23,5761011223,Phrygias,576.7890625,-12.8203125,4.0,5.0,0.25
Rocks,1,WOD_Rocks_Round_Small_09,-11,584,11,8,86,584081186,Phrygias,584.0625,-11.328125,4.0,5.0,0.25
Rocks,1,WOD_Rocks_Round_Small_03,-106,609,10,12,84,609121084,Phrygias,609.09375,-10.34375,4.0,5.0,0.25
Rocks,1,WOD_Rocks_Round_Small_10,-44,583,22,113,6,5831132206,Phrygias,583.8828125,-22.953125,1.0,5.0,0.25
Rocks,1,WOD_Rocks_Round_Small_02,-15,580,12,118,105,58011812105,Phrygias,580.921875,-12.1796875,4.0,5.0,0.25
Rocks,1,WOD_Rocks_Round_Small_10,63,581,11,104,81,5811041181,Phrygias,581.8125,-11.3671875,4.0,5.0,0.25
Rocks,1,WOD_Rocks_Round_Small_03,-14,582,12,96,97,582961297,Phrygias,582.75,-12.2421875,4.0,5.0,0.25
Rocks,1,WOD_Rocks_Round_Small_03,-152,607,11,69,42,607691142,Phrygias,607.5390625,-11.671875,4.0,5.0,0.25
Rocks,1,WOD_Rocks_Round_Small_09,123,604,6,32,15,604320615,Phrygias,604.25,-6.8828125,4.0,5.0,0.25
Rocks,1,WOD_Rocks_Round_Small_04,130,605,8,110,67,6051100867,Phrygias,605.859375,-8.4765625,4.0,5.0,0.25
Rocks,1,WOD_Rocks_Round_Small_05,108,602,9,54,12,602540912,Phrygias,602.421875,-9.90625,4.0,5.0,0.25
Rocks,1,WOD_Rocks_Round_Small_06,-154,585,10,114,122,58511410122,Phrygias,585.890625,-10.046875,4.0,5.0,0.25
Rocks,1,WOD_Rocks_Round_Small_04,120,606,4,124,44,6061240444,Phrygias,606.96875,-4.65625,4.0,5.0,0.25
Rocks,1,WOD_Rocks_Round_Small_05,152,578,7,52,17,578520717,Phrygias,578.40625,-7.8671875,4.0,5.0,0.25
Rocks,1,WOD_Rocks_Round_Small_06,139,605,8,115,77,6051150877,Phrygias,605.8984375,-8.3984375,4.0,5.0,0.25
Rocks,1,WOD_Rocks_Round_Small_08,74,594,26,99,19,594992619,Phrygias,594.7734375,-26.8515625,4.0,5.0,0.25
Rocks,1,WOD_Rocks_Round_Small_02,-13,580,5,77,51,580770551,Phrygias,580.6015625,-5.6015625,4.0,5.0,0.25
Rocks,1,WOD_Rocks_Round_Small_08,-8,593,20,72,3,593722003,Phrygias,593.5625,-20.9765625,4.0,5.0,0.25
Rocks,1,WOD_Rocks_Round_Small_08,17,607,10,60,114,6076010114,Phrygias,607.46875,-10.109375,4.0,5.0,0.25
Rocks,1,WOD_Rocks_Round_Small_04,-2,583,17,87,120,5838717120,Phrygias,583.6796875,-17.0625,4.0,5.0,0.25
Rocks,1,WOD_Rocks_Round_Small_04,-2,597,16,28,73,597281673,Phrygias,597.21875,-16.4296875,4.0,5.0,0.25
Rocks,1,WOD_Rocks_Round_Small_10,-159,609,13,22,24,609221324,Phrygias,609.171875,-13.8125,4.0,5.0,0.25
Rocks,1,WOD_Rocks_Round_Small_04,-152,583,21,28,15,583282115,Phrygias,583.21875,-21.8828125,4.0,5.0,0.25
Rocks,1,WOD_Rocks_Round_Small_10,2,580,4,100,23,5801000423,Phrygias,580.78125,-4.8203125,4.0,5.0,0.25
Rocks,1,WOD_Rocks_Round_Small_09,175,593,14,40,123,5934014123,Phrygias,593.3125,-14.0390625,4.0,5.0,0.25
Rocks,1,WOD_Rocks_Round_Small_02,36,581,12,22,59,581221259,Phrygias,581.171875,-12.5390625,4.0,5.0,0.25
Rocks,1,WOD_Rocks_Round_Small_08,112,574,9,82,18,574820918,Phrygias,574.640625,-9.859375,4.0,5.0,0.25
Rocks,1,WOD_Rocks_Round_Small_10,-50,597,21,51,87,597512187,Phrygias,597.3984375,-21.3203125,4.0,5.0,0.25
Rocks,1,WOD_Rocks_Round_Small_01,45,587,10,0,91,587001091,Phrygias,587.0,-10.2890625,4.0,5.0,0.25
Rocks,1,WOD_Rocks_Round_Small_04,177,584,24,78,69,584782469,Phrygias,584.609375,-24.4609375,1.0,5.0,0.25
Rocks,1,WOD_Rocks_Round_Small_07,26,581,12,14,97,581141297,Phrygias,581.109375,-12.2421875,4.0,5.0,0.25
Rocks,1,WOD_Rocks_Round_Small_01,-51,607,6,22,69,607220669,Phrygias,607.171875,-6.4609375,4.0,5.0,0.25
Rocks,1,WOD_Rocks_Round_Small_09,58,595,26,56,97,595562697,Phrygias,595.4375,-26.2421875,4.0,5.0,0.25
Rocks,1,WOD_Rocks_Round_Small_04,42,582,11,4,64,582041164,Phrygias,582.03125,-11.5,4.0,5.0,0.25
Rocks,1,WOD_Rocks_Round_Small_02,-84,604,7,88,54,604880754,Phrygias,604.6875,-7.578125,4.0,5.0,0.25
Rocks,1,WOD_Rocks_Round_Small_06,-6,607,4,61,115,6076104115,Phrygias,607.4765625,-4.1015625,4.0,5.0,0.25
Rocks,1,WOD_Rocks_Round_Small_02,-172,583,11,111,47,5831111147,Phrygias,583.8671875,-11.6328125,4.0,5.0,0.25
Rocks,1,WOD_Rocks_Round_Small_09,106,597,17,54,127,5975417127,Phrygias,597.421875,-17.0078125,4.0,5.0,0.25
Rocks,1,WOD_Rocks_Round_Small_02,108,584,23,4,63,584042363,Phrygias,584.03125,-23.5078125,1.0,5.0,0.25
Rocks,1,WOD_Rocks_Round_Small_03,-42,595,10,32,68,595321068,Phrygias,595.25,-10.46875,4.0,5.0,0.25
Rocks,1,WOD_Rocks_Round_Small_04,2,607,8,45,122,6074508122,Phrygias,607.3515625,-8.046875,4.0,5.0,0.25
Rocks,1,WOD_Rocks_Round_Small_09,60,579,14,99,15,579991415,Phrygias,579.7734375,-14.8828125,4.0,5.0,0.25
Rocks,1,WOD_Rocks_Round_Small_04,-60,461,28,87,37,461872837,Phrygias,461.6796875,-28.7109375,1.0,5.0,0.25
Rocks,1,WOD_Rocks_Round_Small_04,-33,609,5,87,72,609870572,Phrygias,609.6796875,-5.4375,4.0,5.0,0.25
Rocks,1,WOD_Rocks_Round_Small_09,-64,603,7,106,120,60310607120,Phrygias,603.828125,-7.0625,4.0,5.0,0.25
Rocks,1,WOD_Rocks_Round_Small_02,-92,478,24,93,61,478932461,Phrygias,478.7265625,-24.5234375,2.0,5.0,0.25
Rocks,1,WOD_Rocks_Round_Small_09,-46,485,24,108,65,4851082465,Phrygias,485.84375,-24.4921875,2.0,5.0,0.25
Rocks,1,WOD_Rocks_Round_Small_02,140,587,10,74,104,5877410104,Phrygias,587.578125,-10.1875,4.0,5.0,0.25
Rocks,1,WOD_Rocks_Round_Small_08,100,576,12,31,74,576311274,Phrygias,576.2421875,-12.421875,4.0,5.0,0.25
Rocks,1,WOD_Rocks_Round_Small_06,116,578,8,12,61,578120861,Phrygias,578.09375,-8.5234375,4.0,5.0,0.25
Rocks,1,WOD_Rocks_Round_Small_03,-78,579,10,61,13,579611013,Phrygias,579.4765625,-10.8984375,4.0,5.0,0.25
Rocks,1,WOD_Rocks_Round_Small_08,125,595,14,27,59,595271459,Phrygias,595.2109375,-14.5390625,4.0,5.0,0.25
Rocks,1,WOD_Rocks_Round_Small_10,54,584,10,109,38,5841091038,Phrygias,584.8515625,-10.703125,4.0,5.0,0.25
Rocks,1,WOD_Rocks_Round_Small_09,-31,589,24,6,61,589062461,Phrygias,589.046875,-24.5234375,4.0,5.0,0.25
Rocks,1,WOD_Rocks_Round_Small_08,66,598,20,49,120,5984920120,Phrygias,598.3828125,-20.0625,4.0,5.0,0.25
Rocks,1,WOD_Rocks_Round_Small_08,-167,580,14,109,22,5801091422,Phrygias,580.8515625,-14.828125,4.0,5.0,0.25
Rocks,1,WOD_Rocks_Round_Small_06,-85,578,11,111,17,5781111117,Phrygias,578.8671875,-11.8671875,4.0,5.0,0.25
Rocks,1,WOD_Rocks_Round_Small_03,-22,580,4,113,3,5801130403,Phrygias,580.8828125,-4.9765625,4.0,5.0,0.25
Rocks,1,WOD_Rocks_Round_Small_07,32,598,6,84,60,598840660,Phrygias,598.65625,-6.53125,4.0,5.0,0.25
Rocks,1,WOD_Rocks_Round_Small_05,-156,581,8,76,76,581760876,Phrygias,581.59375,-8.40625,4.0,5.0,0.25
Rocks,1,WOD_Rocks_Round_Small_07,97,608,5,122,109,60812205109,Phrygias,608.953125,-5.1484375,4.0,5.0,0.25
Rocks,1,WOD_Rocks_Round_Small_08,31,595,14,29,40,595291440,Phrygias,595.2265625,-14.6875,4.0,5.0,0.25
Rocks,1,WOD_Rocks_Round_Small_09,86,583,23,101,82,5831012382,Phrygias,583.7890625,-23.359375,1.0,5.0,0.25
Rocks,1,WOD_Rocks_Round_Small_04,45,580,12,116,125,58011612125,Phrygias,580.90625,-12.0234375,4.0,5.0,0.25
Rocks,1,WOD_Rocks_Round_Small_10,-105,595,10,88,73,595881073,Phrygias,595.6875,-10.4296875,4.0,5.0,0.25
Rocks,1,WOD_Rocks_Round_Small_09,172,593,21,29,47,593292147,Phrygias,593.2265625,-21.6328125,4.0,5.0,0.25
Rocks,1,WOD_Rocks_Round_Small_01,-66,577,12,101,22,5771011222,Phrygias,577.7890625,-12.828125,4.0,5.0,0.25
Rocks,1,WOD_Rocks_Round_Small_03,-47,586,9,27,20,586270920,Phrygias,586.2109375,-9.84375,4.0,5.0,0.25
Rocks,1,WOD_Rocks_Round_Small_08,127,581,5,40,5,581400505,Phrygias,581.3125,-5.9609375,4.0,5.0,0.25
Rocks,1,WOD_Rocks_Round_Small_02,37,601,26,46,127,6014626127,Phrygias,601.359375,-26.0078125,4.0,5.0,0.25
Rocks,1,WOD_Rocks_Round_Small_04,-44,603,6,102,68,6031020668,Phrygias,603.796875,-6.46875,4.0,5.0,0.25
Rocks,1,WOD_Rocks_Round_Small_08,16,573,9,42,52,573420952,Phrygias,573.328125,-9.59375,4.0,5.0,0.25
Rocks,1,WOD_Rocks_Round_Small_05,-135,578,8,69,33,578690833,Phrygias,578.5390625,-8.7421875,4.0,5.0,0.25
Rocks,1,WOD_Rocks_Round_Small_10,89,580,15,86,99,580861599,Phrygias,580.671875,-15.2265625,4.0,5.0,0.25
Rocks,1,WOD_Rocks_Round_Small_04,-120,580,20,0,33,580002033,Phrygias,580.0,-20.7421875,1.0,5.0,0.25
Rocks,1,WOD_Rocks_Round_Small_07,-149,478,25,81,55,478812555,Phrygias,478.6328125,-25.5703125,2.0,5.0,0.25
Rocks,1,WOD_Rocks_Round_Small_09,-88,577,9,114,105,57711409105,Phrygias,577.890625,-9.1796875,4.0,5.0,0.25
Rocks,1,WOD_Rocks_Round_Small_02,-60,582,14,14,77,582141477,Phrygias,582.109375,-14.3984375,4.0,5.0,0.25
Rocks,1,WOD_Rocks_Round_Small_06,-29,601,9,51,72,601510972,Phrygias,601.3984375,-9.4375,4.0,5.0,0.25
Rocks,1,WOD_Rocks_Round_Small_07,-178,582,15,9,128,5820915128,Phrygias,582.0703125,-15.0,4.0,5.0,0.25
Rocks,1,WOD_Rocks_Round_Small_04,-170,584,16,49,17,584491617,Phrygias,584.3828125,-16.8671875,4.0,5.0,0.25
Rocks,1,WOD_Rocks_Round_Small_03,113,581,10,33,109,5813310109,Phrygias,581.2578125,-10.1484375,4.0,5.0,0.25
Rocks,1,WOD_Rocks_Round_Small_10,102,581,21,72,67,581722167,Phrygias,581.5625,-21.4765625,1.0,5.0,0.25
Rocks,1,WOD_Rocks_Round_Small_10,-60,582,8,1,35,582010835,Phrygias,582.0078125,-8.7265625,4.0,5.0,0.25
Rocks,1,WOD_Rocks_Round_Small_06,0,582,23,1,26,582012326,Phrygias,582.0078125,-23.796875,1.0,5.0,0.25
Rocks,1,WOD_Rocks_Round_Small_01,155,462,29,45,65,462452965,Phrygias,462.3515625,-29.4921875,1.0,5.0,0.25
Rocks,1,WOD_Rocks_Round_Small_10,-115,581,10,44,88,581441088,Phrygias,581.34375,-10.3125,4.0,5.0,0.25
Rocks,1,WOD_Rocks_Round_Small_03,85,473,25,52,109,4735225109,Phrygias,473.40625,-25.1484375,2.0,5.0,0.25
Rocks,1,WOD_Rocks_Round_Small_04,-167,577,8,81,102,5778108102,Phrygias,577.6328125,-8.203125,4.0,5.0,0.25
Rocks,1,WOD_Rocks_Round_Small_04,-107,586,10,50,116,5865010116,Phrygias,586.390625,-10.09375,4.0,5.0,0.25
Rocks,1,WOD_Rocks_Round_Small_04,78,587,10,17,5,587171005,Phrygias,587.1328125,-10.9609375,4.0,5.0,0.25
Rocks,1,WOD_Rocks_Round_Small_05,-145,598,6,54,64,598540664,Phrygias,598.421875,-6.5,4.0,5.0,0.25
Rocks,1,WOD_Rocks_Round_Small_07,-159,576,11,84,42,576841142,Phrygias,576.65625,-11.671875,4.0,5.0,0.25
Rocks,1,WOD_Rocks_Round_Small_05,34,604,7,124,118,60412407118,Phrygias,604.96875,-7.078125,4.0,5.0,0.25
Rocks,1,WOD_Rocks_Round_Small_01,26,604,7,67,84,604670784,Phrygias,604.5234375,-7.34375,4.0,5.0,0.25
