name,type,prefab,worldX,worldY,terrainX,terrainY,locationID,gisX,gisY
WOD_Ruins,0,WOD_Ruins_05,613,431,64,107,61364431107,613.5,-431.1640625
WOD_Shrine,0,WOD_Shrine_Zenithar_Major_07,618,431,62,64,6186443164,618.5,-431.5
WOD_BanditCamp,0,WOD_BanditCamp_01,611,432,21,64,6112143264,611.1640625,-432.5
WOD_Ruins,0,WOD_Ruins_01,622,432,107,64,62210743264,622.8359375,-432.5
WOD_Ruins,0,WOD_Ruins_01,620,436,107,114,620107436107,620.8359375,-436.1640625
WOD_BanditCamp,0,WOD_BanditCamp_04,624,436,64,107,62464436107,624.5,-436.1640625
WOD_BanditCamp,0,WOD_BanditCamp_05,630,437,64,21,6306443721,630.5,-437.8359375
WOD_Ruins,0,WOD_Ruins_06,634,438,21,107,63421438107,634.1640625,-438.1640625
WOD_BanditCamp,0,WOD_BanditCamp_02,604,439,21,64,6042143964,604.1640625,-439.5
WOD_Ruins,0,WOD_Ruins_03,609,439,64,21,6096443921,609.5,-439.8359375
WOD_BanditFort,0,WOD_BanditFort_01,615,439,69,21,6156443921,615.5,-439.8359375
WOD_BanditCamp,0,WOD_BanditCamp_09,616,439,21,64,6162143964,616.1640625,-439.5
WOD_BanditCamp,0,WOD_BanditCamp_04,623,439,107,64,62310743964,623.8359375,-439.5
WOD_BanditCamp,0,WOD_BanditCamp_03,615,440,107,21,61510744021,615.8359375,-440.8359375
WOD_Ruins,0,WOD_Ruins_06,615,440,107,107,615107440107,615.8359375,-440.1640625
WOD_BanditCamp,0,WOD_BanditCamp_08,642,440,107,21,64210744021,642.8359375,-440.8359375
WOD_BanditCamp,0,WOD_BanditCamp_03,599,441,107,64,59910744164,599.8359375,-441.5
WOD_Ruins,0,WOD_Ruins_02,612,441,107,107,612107441107,612.8359375,-441.1640625
WOD_Ruins,0,WOD_Ruins_02,622,441,107,64,62210744164,622.8359375,-441.5
WOD_BanditFort,0,WOD_BanditFort_01,624,441,107,64,62410744164,624.8359375,-441.5
WOD_Shrine,0,WOD_Shrine_Stendarr_Minor_07,630,441,64,21,6306444121,630.5,-441.8359375
WOD_BanditCamp,0,WOD_BanditCamp_08,643,441,107,21,64310744121,643.8359375,-441.8359375
WOD_Ruins,0,WOD_Ruins_02,571,442,107,64,57110744264,571.8359375,-442.5
WOD_Shrine,0,WOD_Shrine_Zenithar_Major_07,572,442,64,68,5726444264,572.5,-442.5
WOD_BanditCamp,0,WOD_BanditCamp_05,577,442,59,21,5776444221,577.5,-442.8359375
WOD_BanditCamp,0,WOD_BanditCamp_07,605,442,21,107,60521442107,605.1640625,-442.1640625
WOD_BanditCamp,0,WOD_BanditCamp_08,607,442,64,107,60764442107,607.5,-442.1640625
WOD_BanditCamp,0,WOD_BanditCamp_03,614,442,64,74,6146444264,614.5,-442.5
WOD_Ruins,0,WOD_Ruins_01,632,442,107,64,63210744264,632.8359375,-442.5
WOD_BanditCamp,0,WOD_BanditCamp_09,642,442,64,107,64264442107,642.5,-442.1640625
WOD_BanditCamp,0,WOD_BanditCamp_01,666,442,21,21,6662144221,666.1640625,-442.8359375
WOD_GuardTower,0,WOD_Guardtower_01,637,443,64,66,6376444364,637.5,-443.5
WOD_Shrine,0,WOD_Shrine_Stendarr_Major_02,639,443,64,68,6396444364,639.5,-443.5
WOD_Ruins,0,WOD_Ruins_05,663,443,21,64,6632144364,663.1640625,-443.5
WOD_Ruins,0,WOD_Ruins_05,680,443,107,64,68010744364,680.8359375,-443.5
WOD_Ruins,0,WOD_Ruins_02,554,444,21,107,55421444107,554.1640625,-444.1640625
WOD_Ruins,0,WOD_Ruins_06,582,444,64,21,5826444421,582.5,-444.8359375
WOD_Ruins,0,WOD_Ruins_05,623,444,21,107,62321444107,623.1640625,-444.1640625
WOD_BanditCamp,0,WOD_BanditCamp_08,669,444,21,21,6692144421,669.1640625,-444.8359375
WOD_BanditCamp,0,WOD_BanditCamp_03,679,444,64,21,6796444421,679.5,-444.8359375
WOD_BanditCamp,0,WOD_BanditCamp_02,684,444,107,21,68410744421,684.8359375,-444.8359375
WOD_BanditCamp,0,WOD_BanditCamp_02,568,445,21,107,56821445107,568.1640625,-445.1640625
WOD_Ruins,0,WOD_Ruins_05,590,445,21,21,5902144521,590.1640625,-445.8359375
WOD_BanditCamp,0,WOD_BanditCamp_05,594,445,21,64,5942144564,594.1640625,-445.5
WOD_BanditCamp,0,WOD_BanditCamp_05,605,445,21,64,6052144564,605.1640625,-445.5
WOD_BanditCamp,0,WOD_BanditCamp_03,668,445,107,21,66810744521,668.8359375,-445.8359375
WOD_Shrine,0,WOD_Shrine_Stendarr_Minor_03,670,445,107,24,67010744521,670.8359375,-445.8359375
WOD_Ruins,0,WOD_Ruins_02,607,446,21,21,6072144621,607.1640625,-446.8359375
WOD_Shrine,0,WOD_Shrine_Zenithar_Major_03,611,446,107,110,611107446107,611.8359375,-446.1640625
WOD_Ruins,0,WOD_Ruins_02,619,446,64,107,61964446107,619.5,-446.1640625
WOD_BanditCamp,0,WOD_BanditCamp_07,685,446,64,21,6856444621,685.5,-446.8359375
WOD_GuardTower,0,WOD_Guardtower_01,689,446,21,25,6892144621,689.1640625,-446.8359375
WOD_Ruins,0,WOD_Ruins_01,572,447,107,21,57210744721,572.8359375,-447.8359375
WOD_Ruins,0,WOD_Ruins_01,580,447,64,107,58064447107,580.5,-447.1640625
WOD_BanditCamp,0,WOD_BanditCamp_08,582,447,64,107,58264447107,582.5,-447.1640625
WOD_Ruins,0,WOD_Ruins_05,672,447,107,69,67210744764,672.8359375,-447.5
WOD_Ruins,0,WOD_Ruins_06,676,447,21,64,6762144764,676.1640625,-447.5
WOD_BanditCamp,0,WOD_BanditCamp_07,681,447,21,21,6812144721,681.1640625,-447.8359375
WOD_Ruins,0,WOD_Ruins_05,687,447,64,21,6876444721,687.5,-447.8359375
WOD_BanditCamp,0,WOD_BanditCamp_09,540,448,64,107,54064448107,540.5,-448.1640625
WOD_Ruins,0,WOD_Ruins_05,599,448,107,64,59910744864,599.8359375,-448.5
WOD_Shrine,0,WOD_Shrine_Stendarr_Minor_03,609,448,107,64,60910744864,609.8359375,-448.5
WOD_BanditCamp,0,WOD_BanditCamp_04,631,448,107,107,631107448107,631.8359375,-448.1640625
WOD_BanditCamp,0,WOD_BanditCamp_06,642,448,107,64,64210744864,642.8359375,-448.5
WOD_Shrine,0,WOD_Shrine_Stendarr_Major_04,646,448,21,66,6462144864,646.1640625,-448.5
WOD_GuardTower,0,WOD_Guardtower_01,647,448,64,62,6476444864,647.5,-448.5
WOD_BanditCamp,0,WOD_BanditCamp_05,674,448,56,64,6746444864,674.5,-448.5
WOD_Ruins,0,WOD_Ruins_03,674,448,21,114,67421448107,674.1640625,-448.1640625
WOD_Ruins,0,WOD_Ruins_01,680,448,21,21,6802144821,680.1640625,-448.8359375
WOD_Ruins,0,WOD_Ruins_05,585,449,107,107,585107449107,585.8359375,-449.1640625
WOD_BanditFort,0,WOD_BanditFort_01,599,449,107,64,59910744964,599.8359375,-449.5
WOD_Shrine,0,WOD_Shrine_Stendarr_Minor_02,648,449,60,64,6486444964,648.5,-449.5
WOD_BanditCamp,0,WOD_BanditCamp_07,657,449,107,107,657107449107,657.8359375,-449.1640625
WOD_Ruins,0,WOD_Ruins_02,672,449,107,107,672107449107,672.8359375,-449.1640625
WOD_Ruins,0,WOD_Ruins_06,536,450,21,107,53621450107,536.1640625,-450.1640625
WOD_Ruins,0,WOD_Ruins_03,578,450,107,107,578107450107,578.8359375,-450.1640625
WOD_BanditCamp,0,WOD_BanditCamp_06,634,450,107,64,63410745064,634.8359375,-450.5
WOD_Ruins,0,WOD_Ruins_02,637,450,107,107,637107450107,637.8359375,-450.1640625
WOD_BanditFort,0,WOD_BanditFort_01,649,450,21,21,6492145021,649.1640625,-450.8359375
WOD_BanditCamp,0,WOD_BanditCamp_03,677,450,21,116,67721450107,677.1640625,-450.1640625
WOD_BanditCamp,0,WOD_BanditCamp_06,550,451,21,107,55021451107,550.1640625,-451.1640625
WOD_BanditCamp,0,WOD_BanditCamp_01,579,451,107,64,57910745164,579.8359375,-451.5
WOD_BanditCamp,0,WOD_BanditCamp_05,587,451,64,72,5876445164,587.5,-451.5
WOD_BanditCamp,0,WOD_BanditCamp_04,615,451,21,107,61521451107,615.1640625,-451.1640625
WOD_BanditCamp,0,WOD_BanditCamp_04,658,451,107,107,658107451107,658.8359375,-451.1640625
WOD_Shrine,0,WOD_Shrine_Stendarr_Major_03,678,451,68,64,6786445164,678.5,-451.5
WOD_Ruins,0,WOD_Ruins_01,521,452,21,21,5212145221,521.1640625,-452.8359375
WOD_Ruins,0,WOD_Ruins_03,523,452,107,64,52310745264,523.8359375,-452.5
WOD_Ruins,0,WOD_Ruins_04,525,452,107,21,52510745221,525.8359375,-452.8359375
WOD_BanditCamp,0,WOD_BanditCamp_04,583,452,107,107,583107452107,583.8359375,-452.1640625
WOD_Ruins,0,WOD_Ruins_02,601,452,107,21,60110745221,601.8359375,-452.8359375
WOD_Ruins,0,WOD_Ruins_03,653,452,64,107,65364452107,653.5,-452.1640625
WOD_Ruins,0,WOD_Ruins_05,563,453,64,107,56364453107,563.5,-453.1640625
WOD_BanditCamp,0,WOD_BanditCamp_01,585,453,21,64,5852145364,585.1640625,-453.5
WOD_Ruins,0,WOD_Ruins_01,590,453,107,64,59010745364,590.8359375,-453.5
WOD_BanditCamp,0,WOD_BanditCamp_09,598,453,64,107,59864453107,598.5,-453.1640625
WOD_BanditCamp,0,WOD_BanditCamp_03,609,453,64,107,60964453107,609.5,-453.1640625
WOD_Ruins,0,WOD_Ruins_02,628,453,21,21,6282145321,628.1640625,-453.8359375
WOD_BanditCamp,0,WOD_BanditCamp_04,663,453,64,21,6636445321,663.5,-453.8359375
WOD_BanditCamp,0,WOD_BanditCamp_06,668,453,107,64,66810745364,668.8359375,-453.5
WOD_Ruins,0,WOD_Ruins_06,669,453,21,107,66921453107,669.1640625,-453.1640625
WOD_BanditCamp,0,WOD_BanditCamp_07,678,453,107,114,678107453107,678.8359375,-453.1640625
WOD_BanditCamp,0,WOD_BanditCamp_08,694,453,21,21,6942145321,694.1640625,-453.8359375
WOD_Ruins,0,WOD_Ruins_02,526,454,107,107,526107454107,526.8359375,-454.1640625
WOD_Ruins,0,WOD_Ruins_05,559,454,107,107,559107454107,559.8359375,-454.1640625
WOD_Ruins,0,WOD_Ruins_06,580,454,21,64,5802145464,580.1640625,-454.5
WOD_BanditCamp,0,WOD_BanditCamp_09,587,454,107,64,58710745464,587.8359375,-454.5
WOD_Ruins,0,WOD_Ruins_02,630,454,21,107,63021454107,630.1640625,-454.1640625
WOD_GuardTower,0,WOD_Guardtower_01,677,454,107,111,677107454107,677.8359375,-454.1640625
WOD_BanditCamp,0,WOD_BanditCamp_06,677,454,21,27,6772145421,677.1640625,-454.8359375
WOD_BanditCamp,0,WOD_BanditCamp_04,570,455,107,107,570107455107,570.8359375,-455.1640625
WOD_Ruins,0,WOD_Ruins_01,580,455,21,21,5802145521,580.1640625,-455.8359375
WOD_BanditCamp,0,WOD_BanditCamp_03,590,455,57,21,5906445521,590.5,-455.8359375
WOD_BanditFort,0,WOD_BanditFort_01,592,455,21,107,59221455107,592.1640625,-455.1640625
WOD_Ruins,0,WOD_Ruins_06,600,455,107,107,600107455107,600.8359375,-455.1640625
WOD_Ruins,0,WOD_Ruins_05,649,455,107,107,649107455107,649.8359375,-455.1640625
WOD_Shrine,0,WOD_Shrine_Stendarr_Major_04,676,455,21,64,6762145564,676.1640625,-455.5
WOD_BanditCamp,0,WOD_BanditCamp_05,689,455,64,107,68964455107,689.5,-455.1640625
WOD_BanditCamp,0,WOD_BanditCamp_04,572,456,107,107,572107456107,572.8359375,-456.1640625
WOD_Ruins,0,WOD_Ruins_04,651,456,21,107,65121456107,651.1640625,-456.1640625
WOD_BanditFort,0,WOD_BanditFort_01,678,456,64,21,6786445621,678.5,-456.8359375
WOD_Ruins,0,WOD_Ruins_01,514,457,107,107,514107457107,514.8359375,-457.1640625
WOD_BanditCamp,0,WOD_BanditCamp_02,524,457,107,64,52410745764,524.8359375,-457.5
WOD_Ruins,0,WOD_Ruins_06,590,457,68,64,5906445764,590.5,-457.5
WOD_Ruins,0,WOD_Ruins_01,590,457,21,21,5902145721,590.1640625,-457.8359375
WOD_Ruins,0,WOD_Ruins_03,628,457,21,21,6282145721,628.1640625,-457.8359375
WOD_Ruins,0,WOD_Ruins_03,659,457,21,21,6592145721,659.1640625,-457.8359375
WOD_BanditFort,0,WOD_BanditFort_01,673,457,64,21,6736445721,673.5,-457.8359375
WOD_Ruins,0,WOD_Ruins_05,642,458,21,107,64221458107,642.1640625,-458.1640625
WOD_BanditCamp,0,WOD_BanditCamp_08,682,458,107,21,68210745821,682.8359375,-458.8359375
WOD_Ruins,0,WOD_Ruins_03,688,458,21,107,68821458107,688.1640625,-458.1640625
WOD_Ruins,0,WOD_Ruins_03,530,459,21,64,5302145964,530.1640625,-459.5
WOD_BanditCamp,0,WOD_BanditCamp_04,550,459,64,107,55064459107,550.5,-459.1640625
WOD_BanditCamp,0,WOD_BanditCamp_07,551,459,21,64,5512145964,551.1640625,-459.5
WOD_Ruins,0,WOD_Ruins_02,560,459,64,21,5606445921,560.5,-459.8359375
WOD_BanditCamp,0,WOD_BanditCamp_09,574,459,21,64,5742145964,574.1640625,-459.5
WOD_Shrine,0,WOD_Shrine_Zenithar_Major_07,590,459,107,64,59010745964,590.8359375,-459.5
WOD_BanditCamp,0,WOD_BanditCamp_07,640,459,21,64,6402145964,640.1640625,-459.5
WOD_GuardTower,0,WOD_Guardtower_01,667,459,21,25,6672145921,667.1640625,-459.8359375
WOD_BanditCamp,0,WOD_BanditCamp_04,668,459,64,107,66864459107,668.5,-459.1640625
WOD_Shrine,0,WOD_Shrine_Stendarr_Major_04,669,459,21,21,6692145921,669.1640625,-459.8359375
WOD_BanditFort,0,WOD_BanditFort_01,697,459,64,21,6976445921,697.5,-459.8359375
WOD_Ruins,0,WOD_Ruins_05,702,459,107,107,702107459107,702.8359375,-459.1640625
WOD_BanditCamp,0,WOD_BanditCamp_05,509,460,64,21,5096446021,509.5,-460.8359375
WOD_Ruins,0,WOD_Ruins_05,526,460,21,107,52621460107,526.1640625,-460.1640625
WOD_BanditFort,0,WOD_BanditFort_01,603,460,107,64,60310746064,603.8359375,-460.5
WOD_Ruins,0,WOD_Ruins_03,612,460,107,64,61210746064,612.8359375,-460.5
WOD_Ruins,0,WOD_Ruins_04,643,460,107,64,64310746064,643.8359375,-460.5
WOD_BanditCamp,0,WOD_BanditCamp_02,522,461,21,21,5222146121,522.1640625,-461.8359375
WOD_GuardTower,0,WOD_Guardtower_01,525,461,59,64,5256446164,525.5,-461.5
WOD_Ruins,0,WOD_Ruins_06,529,461,64,107,52964461107,529.5,-461.1640625
WOD_BanditCamp,0,WOD_BanditCamp_01,538,461,107,107,538107461107,538.8359375,-461.1640625
WOD_BanditFort,0,WOD_BanditFort_01,546,461,21,21,5462146121,546.1640625,-461.8359375
WOD_Ruins,0,WOD_Ruins_06,550,461,107,21,55010746121,550.8359375,-461.8359375
WOD_Ruins,0,WOD_Ruins_01,592,461,21,64,5922146164,592.1640625,-461.5
WOD_Ruins,0,WOD_Ruins_05,638,461,64,21,6386446121,638.5,-461.8359375
WOD_Ruins,0,WOD_Ruins_05,664,461,21,64,6642146164,664.1640625,-461.5
WOD_BanditFort,0,WOD_BanditFort_01,692,461,64,21,6926446121,692.5,-461.8359375
WOD_BanditCamp,0,WOD_BanditCamp_01,697,461,107,21,69710746121,697.8359375,-461.8359375
WOD_Ruins,0,WOD_Ruins_01,510,462,107,21,51010746221,510.8359375,-462.8359375
WOD_BanditCamp,0,WOD_BanditCamp_02,522,462,64,21,5226446221,522.5,-462.8359375
WOD_Shrine,0,WOD_Shrine_Stendarr_Major_01,524,462,64,60,5246446264,524.5,-462.5
WOD_BanditCamp,0,WOD_BanditCamp_04,535,462,64,21,5356446221,535.5,-462.8359375
WOD_Shrine,0,WOD_Shrine_Stendarr_Minor_04,589,462,66,64,5896446264,589.5,-462.5
WOD_BanditCamp,0,WOD_BanditCamp_05,648,462,107,21,64810746221,648.8359375,-462.8359375
WOD_BanditCamp,0,WOD_BanditCamp_09,503,463,21,21,5032146321,503.1640625,-463.8359375
WOD_Ruins,0,WOD_Ruins_06,548,463,21,21,5482146321,548.1640625,-463.8359375
WOD_BanditCamp,0,WOD_BanditCamp_01,589,463,107,21,58910746321,589.8359375,-463.8359375
WOD_BanditCamp,0,WOD_BanditCamp_06,618,463,107,21,61810746321,618.8359375,-463.8359375
WOD_Ruins,0,WOD_Ruins_01,636,463,21,107,63621463107,636.1640625,-463.1640625
WOD_BanditCamp,0,WOD_BanditCamp_07,672,463,64,107,67264463107,672.5,-463.1640625
WOD_Ruins,0,WOD_Ruins_04,692,463,21,64,6922146364,692.1640625,-463.5
WOD_Ruins,0,WOD_Ruins_01,707,463,107,21,70710746321,707.8359375,-463.8359375
WOD_Ruins,0,WOD_Ruins_03,510,464,21,64,5102146464,510.1640625,-464.5
WOD_Ruins,0,WOD_Ruins_04,512,464,21,64,5122146464,512.1640625,-464.5
WOD_Ruins,0,WOD_Ruins_02,515,464,64,21,5156446421,515.5,-464.8359375
WOD_BanditCamp,0,WOD_BanditCamp_03,629,464,107,64,62910746464,629.8359375,-464.5
WOD_Ruins,0,WOD_Ruins_05,648,464,107,107,648107464107,648.8359375,-464.1640625
WOD_GuardTower,0,WOD_Guardtower_01,649,464,21,68,6492146464,649.1640625,-464.5
WOD_GuardTower,0,WOD_Guardtower_01,658,464,64,66,6586446464,658.5,-464.5
WOD_GuardTower,0,WOD_Guardtower_01,659,464,107,68,65910746464,659.8359375,-464.5
WOD_GuardTower,0,WOD_Guardtower_01,660,464,21,68,6602146464,660.1640625,-464.5
WOD_BanditFort,0,WOD_BanditFort_01,663,464,21,107,66321464107,663.1640625,-464.1640625
WOD_Ruins,0,WOD_Ruins_01,566,465,107,107,566107465107,566.8359375,-465.1640625
WOD_Ruins,0,WOD_Ruins_04,572,465,64,107,57264465107,572.5,-465.1640625
WOD_Ruins,0,WOD_Ruins_01,578,465,107,21,57810746521,578.8359375,-465.8359375
WOD_BanditCamp,0,WOD_BanditCamp_01,586,465,107,64,58610746564,586.8359375,-465.5
WOD_Ruins,0,WOD_Ruins_01,623,465,107,107,623107465107,623.8359375,-465.1640625
WOD_BanditCamp,0,WOD_BanditCamp_09,549,466,21,64,5492146664,549.1640625,-466.5
WOD_Ruins,0,WOD_Ruins_06,557,466,107,107,557107466107,557.8359375,-466.1640625
WOD_BanditFort,0,WOD_BanditFort_01,601,466,64,21,6016446621,601.5,-466.8359375
WOD_BanditCamp,0,WOD_BanditCamp_05,659,466,21,21,6592146621,659.1640625,-466.8359375
WOD_Ruins,0,WOD_Ruins_05,664,466,21,21,6642146621,664.1640625,-466.8359375
WOD_GuardTower,0,WOD_Guardtower_01,519,467,107,111,519107467107,519.8359375,-467.1640625
WOD_BanditCamp,0,WOD_BanditCamp_09,579,467,64,107,57964467107,579.5,-467.1640625
WOD_BanditCamp,0,WOD_BanditCamp_02,592,467,21,64,5922146764,592.1640625,-467.5
WOD_BanditCamp,0,WOD_BanditCamp_07,600,467,21,64,6002146764,600.1640625,-467.5
WOD_GuardTower,0,WOD_Guardtower_01,645,467,107,111,645107467107,645.8359375,-467.1640625
WOD_BanditCamp,0,WOD_BanditCamp_02,651,467,107,21,65110746721,651.8359375,-467.8359375
WOD_Ruins,0,WOD_Ruins_04,508,468,21,64,5082146864,508.1640625,-468.5
WOD_Shrine,0,WOD_Shrine_Zenithar_Major_03,537,468,107,21,53710746821,537.8359375,-468.8359375
WOD_BanditCamp,0,WOD_BanditCamp_03,538,468,64,58,5386446864,538.5,-468.5
WOD_GuardTower,0,WOD_Guardtower_01,538,468,107,68,53810746864,538.8359375,-468.5
WOD_Ruins,0,WOD_Ruins_04,555,468,21,21,5552146821,555.1640625,-468.8359375
WOD_Ruins,0,WOD_Ruins_03,559,468,64,107,55964468107,559.5,-468.1640625
WOD_GuardTower,0,WOD_Guardtower_01,634,468,107,111,634107468107,634.8359375,-468.1640625
WOD_Ruins,0,WOD_Ruins_03,639,468,107,21,63910746821,639.8359375,-468.8359375
WOD_Shrine,0,WOD_Shrine_Zenithar_Minor_05,641,468,107,110,641107468107,641.8359375,-468.1640625
WOD_BanditCamp,0,WOD_BanditCamp_04,643,468,107,64,64310746864,643.8359375,-468.5
WOD_BanditCamp,0,WOD_BanditCamp_01,667,468,21,64,6672146864,667.1640625,-468.5
WOD_Shrine,0,WOD_Shrine_Zenithar_Minor_06,541,469,107,107,541107469107,541.8359375,-469.1640625
WOD_GuardTower,0,WOD_Guardtower_01,543,469,64,66,5436446964,543.5,-469.5
WOD_GuardTower,0,WOD_Guardtower_01,545,469,21,68,5452146964,545.1640625,-469.5
WOD_Ruins,0,WOD_Ruins_02,547,469,21,60,5472146964,547.1640625,-469.5
WOD_BanditCamp,0,WOD_BanditCamp_08,561,469,64,21,5616446921,561.5,-469.8359375
WOD_Ruins,0,WOD_Ruins_04,607,469,64,107,60764469107,607.5,-469.1640625
WOD_Ruins,0,WOD_Ruins_06,620,469,64,21,6206446921,620.5,-469.8359375
WOD_GuardTower,0,WOD_Guardtower_01,633,469,21,25,6332146921,633.1640625,-469.8359375
WOD_BanditCamp,0,WOD_BanditCamp_09,661,469,107,64,66110746964,661.8359375,-469.5
WOD_BanditCamp,0,WOD_BanditCamp_02,532,470,21,64,5322147064,532.1640625,-470.5
WOD_BanditFort,0,WOD_BanditFort_01,548,470,64,21,5486447021,548.5,-470.8359375
WOD_Ruins,0,WOD_Ruins_01,551,470,107,21,55110747021,551.8359375,-470.8359375
WOD_GuardTower,0,WOD_Guardtower_01,562,470,107,60,56210747064,562.8359375,-470.5
WOD_BanditCamp,0,WOD_BanditCamp_02,570,470,21,107,57021470107,570.1640625,-470.1640625
WOD_BanditCamp,0,WOD_BanditCamp_08,575,470,21,21,5752147021,575.1640625,-470.8359375
WOD_Shrine,0,WOD_Shrine_Zenithar_Minor_01,604,470,64,107,60464470107,604.5,-470.1640625
WOD_BanditCamp,0,WOD_BanditCamp_02,609,470,107,64,60910747064,609.8359375,-470.5
WOD_OrcCamp,0,WOD_OrcCamp_Medium_01,610,470,21,64,6102147064,610.1640625,-470.5
WOD_Ruins,0,WOD_Ruins_01,616,470,107,68,61610747064,616.8359375,-470.5
WOD_BanditCamp,0,WOD_BanditCamp_02,617,470,64,60,6176447064,617.5,-470.5
WOD_Ruins,0,WOD_Ruins_03,632,470,107,64,63210747064,632.8359375,-470.5
WOD_Ruins,0,WOD_Ruins_01,506,471,107,21,50610747121,506.8359375,-471.8359375
WOD_Ruins,0,WOD_Ruins_04,540,471,21,21,5402147121,540.1640625,-471.8359375
WOD_Ruins,0,WOD_Ruins_05,564,471,64,107,56464471107,564.5,-471.1640625
WOD_GuardTower,0,WOD_Guardtower_01,565,471,64,66,5656447164,565.5,-471.5
WOD_Ruins,0,WOD_Ruins_03,570,471,21,64,5702147164,570.1640625,-471.5
WOD_Ruins,0,WOD_Ruins_04,571,471,64,21,5716447121,571.5,-471.8359375
WOD_BanditCamp,0,WOD_BanditCamp_09,620,471,107,107,620107471107,620.8359375,-471.1640625
WOD_BanditCamp,0,WOD_BanditCamp_07,621,471,21,21,6212147121,621.1640625,-471.8359375
WOD_GuardTower,0,WOD_Guardtower_01,626,471,21,60,6262147164,626.1640625,-471.5
WOD_BanditCamp,0,WOD_BanditCamp_04,639,471,107,21,63910747121,639.8359375,-471.8359375
WOD_Ruins,0,WOD_Ruins_06,653,471,64,21,6536447121,653.5,-471.8359375
WOD_BanditFort,0,WOD_BanditFort_01,676,471,107,107,676107471107,676.8359375,-471.1640625
WOD_BanditCamp,0,WOD_BanditCamp_08,511,472,21,21,5112147221,511.1640625,-472.8359375
WOD_BanditCamp,0,WOD_BanditCamp_06,522,472,107,21,52210747221,522.8359375,-472.8359375
WOD_BanditCamp,0,WOD_BanditCamp_06,536,472,107,107,536107472107,536.8359375,-472.1640625
WOD_Ruins,0,WOD_Ruins_03,562,472,21,107,56221472107,562.1640625,-472.1640625
WOD_Shrine,0,WOD_Shrine_Zenithar_Minor_05,569,472,64,107,56964472107,569.5,-472.1640625
WOD_Shrine,0,WOD_Shrine_Stendarr_Major_03,571,472,64,66,5716447264,571.5,-472.5
WOD_GuardTower,0,WOD_Guardtower_01,574,472,64,62,5746447264,574.5,-472.5
WOD_Ruins,0,WOD_Ruins_04,582,472,107,21,58210747221,582.8359375,-472.8359375
WOD_BanditCamp,0,WOD_BanditCamp_09,602,472,21,107,60221472107,602.1640625,-472.1640625
WOD_Ruins,0,WOD_Ruins_01,639,472,21,21,6392147221,639.1640625,-472.8359375
WOD_BanditCamp,0,WOD_BanditCamp_03,657,472,64,21,6576447221,657.5,-472.8359375
WOD_OrcCamp,0,WOD_OrcCamp_Small_01,684,472,107,21,68410747221,684.8359375,-472.8359375
WOD_Ruins,0,WOD_Ruins_04,703,472,21,21,7032147221,703.1640625,-472.8359375
WOD_GuardTower,0,WOD_Guardtower_01,505,473,64,62,5056447364,505.5,-473.5
WOD_GuardTower,0,WOD_Guardtower_01,505,473,107,68,50510747364,505.8359375,-473.5
WOD_Ruins,0,WOD_Ruins_01,508,473,64,107,50864473107,508.5,-473.1640625
WOD_Shrine,0,WOD_Shrine_Stendarr_Major_02,509,473,107,62,50910747364,509.8359375,-473.5
WOD_BanditCamp,0,WOD_BanditCamp_02,564,473,107,107,564107473107,564.8359375,-473.1640625
WOD_BanditCamp,0,WOD_BanditCamp_08,569,473,107,21,56910747321,569.8359375,-473.8359375
WOD_GuardTower,0,WOD_Guardtower_01,580,473,21,68,5802147364,580.1640625,-473.5
WOD_GuardTower,0,WOD_Guardtower_01,581,473,21,60,5812147364,581.1640625,-473.5
WOD_BanditCamp,0,WOD_BanditCamp_08,609,473,64,107,60964473107,609.5,-473.1640625
WOD_BanditFort,0,WOD_BanditFort_01,627,473,64,21,6276447321,627.5,-473.8359375
WOD_BanditCamp,0,WOD_BanditCamp_09,664,473,107,107,664107473107,664.8359375,-473.1640625
WOD_BanditCamp,0,WOD_BanditCamp_05,666,473,64,21,6666447321,666.5,-473.8359375
WOD_BanditCamp,0,WOD_BanditCamp_02,666,473,107,21,66610747321,666.8359375,-473.8359375
WOD_BanditFort,0,WOD_BanditFort_01,672,473,21,21,6722147321,672.1640625,-473.8359375
WOD_BanditFort,0,WOD_BanditFort_01,691,473,64,21,6916447321,691.5,-473.8359375
WOD_Ruins,0,WOD_Ruins_01,706,473,107,64,70610747364,706.8359375,-473.5
WOD_GuardTower,0,WOD_Guardtower_01,492,474,21,68,4922147464,492.1640625,-474.5
WOD_GuardTower,0,WOD_Guardtower_01,493,474,21,68,4932147464,493.1640625,-474.5
WOD_BanditCamp,0,WOD_BanditCamp_09,497,474,21,107,49721474107,497.1640625,-474.1640625
WOD_GuardTower,0,WOD_Guardtower_01,498,474,21,60,4982147464,498.1640625,-474.5
WOD_BanditCamp,0,WOD_BanditCamp_04,518,474,21,107,51821474107,518.1640625,-474.1640625
WOD_BanditCamp,0,WOD_BanditCamp_09,520,474,21,64,5202147464,520.1640625,-474.5
WOD_BanditFort,0,WOD_BanditFort_01,532,474,107,64,53210747464,532.8359375,-474.5
WOD_Ruins,0,WOD_Ruins_06,568,474,107,64,56810747464,568.8359375,-474.5
WOD_BanditCamp,0,WOD_BanditCamp_07,572,474,21,107,57221474107,572.1640625,-474.1640625
WOD_BanditCamp,0,WOD_BanditCamp_09,582,474,107,64,58210747464,582.8359375,-474.5
WOD_BanditCamp,0,WOD_BanditCamp_02,601,474,107,107,601107474107,601.8359375,-474.1640625
WOD_BanditCamp,0,WOD_BanditCamp_09,604,474,21,21,6042147421,604.1640625,-474.8359375
WOD_BanditCamp,0,WOD_BanditCamp_07,494,475,21,107,49421475107,494.1640625,-475.1640625
WOD_BanditCamp,0,WOD_BanditCamp_05,517,475,64,107,51764475107,517.5,-475.1640625
WOD_Ruins,0,WOD_Ruins_01,556,475,21,64,5562147564,556.1640625,-475.5
WOD_Shrine,0,WOD_Shrine_Stendarr_Major_02,584,475,107,66,58410747564,584.8359375,-475.5
WOD_Shrine,0,WOD_Shrine_Zenithar_Minor_06,593,475,107,110,593107475107,593.8359375,-475.1640625
WOD_BanditCamp,0,WOD_BanditCamp_07,647,475,107,21,64710747521,647.8359375,-475.8359375
WOD_Ruins,0,WOD_Ruins_05,667,475,64,107,66764475107,667.5,-475.1640625
WOD_BanditCamp,0,WOD_BanditCamp_01,489,476,21,21,4892147621,489.1640625,-476.8359375
WOD_BanditCamp,0,WOD_BanditCamp_09,505,476,107,107,505107476107,505.8359375,-476.1640625
WOD_Ruins,0,WOD_Ruins_04,552,476,21,21,5522147621,552.1640625,-476.8359375
WOD_BanditCamp,0,WOD_BanditCamp_01,575,476,64,107,57564476107,575.5,-476.1640625
WOD_Shrine,0,WOD_Shrine_Zenithar_Major_01,592,476,66,107,59264476107,592.5,-476.1640625
WOD_BanditCamp,0,WOD_BanditCamp_07,606,476,21,107,60621476107,606.1640625,-476.1640625
WOD_BanditCamp,0,WOD_BanditCamp_01,606,476,107,21,60610747621,606.8359375,-476.8359375
WOD_GuardTower,0,WOD_Guardtower_01,609,476,107,111,609107476107,609.8359375,-476.1640625
WOD_Ruins,0,WOD_Ruins_06,631,476,107,21,63110747621,631.8359375,-476.8359375
WOD_BanditCamp,0,WOD_BanditCamp_04,699,476,64,21,6996447621,699.5,-476.8359375
WOD_BanditCamp,0,WOD_BanditCamp_04,717,476,107,64,71710747664,717.8359375,-476.5
WOD_BanditCamp,0,WOD_BanditCamp_04,720,476,21,21,7202147621,720.1640625,-476.8359375
WOD_BanditCamp,0,WOD_BanditCamp_08,721,476,107,107,721107476107,721.8359375,-476.1640625
WOD_Ruins,0,WOD_Ruins_04,494,477,64,107,49464477107,494.5,-477.1640625
WOD_BanditCamp,0,WOD_BanditCamp_03,503,477,107,64,50310747764,503.8359375,-477.5
WOD_BanditCamp,0,WOD_BanditCamp_04,517,477,64,21,5176447721,517.5,-477.8359375
WOD_Shrine,0,WOD_Shrine_Zenithar_Minor_06,537,477,21,24,5372147721,537.1640625,-477.8359375
WOD_Shrine,0,WOD_Shrine_Stendarr_Major_05,538,477,107,66,53810747764,538.8359375,-477.5
WOD_Shrine,0,WOD_Shrine_Zenithar_Minor_06,542,477,107,62,54210747764,542.8359375,-477.5
WOD_Ruins,0,WOD_Ruins_01,562,477,21,107,56221477107,562.1640625,-477.1640625
WOD_Ruins,0,WOD_Ruins_06,562,477,107,21,56210747721,562.8359375,-477.8359375
WOD_Shrine,0,WOD_Shrine_Zenithar_Minor_01,592,477,66,107,59264477107,592.5,-477.1640625
WOD_BanditCamp,0,WOD_BanditCamp_01,601,477,21,64,6012147764,601.1640625,-477.5
WOD_Ruins,0,WOD_Ruins_03,601,477,64,107,60164477107,601.5,-477.1640625
WOD_Ruins,0,WOD_Ruins_04,616,477,21,64,6162147764,616.1640625,-477.5
WOD_BanditCamp,0,WOD_BanditCamp_09,633,477,21,64,6332147764,633.1640625,-477.5
WOD_BanditCamp,0,WOD_BanditCamp_08,670,477,21,21,6702147721,670.1640625,-477.8359375
WOD_BanditCamp,0,WOD_BanditCamp_09,682,477,107,21,68210747721,682.8359375,-477.8359375
WOD_Ruins,0,WOD_Ruins_02,718,477,107,64,71810747764,718.8359375,-477.5
WOD_Ruins,0,WOD_Ruins_02,511,478,107,64,51110747864,511.8359375,-478.5
WOD_BanditCamp,0,WOD_BanditCamp_08,518,478,64,21,5186447821,518.5,-478.8359375
WOD_BanditCamp,0,WOD_BanditCamp_06,540,478,21,21,5402147821,540.1640625,-478.8359375
WOD_BanditCamp,0,WOD_BanditCamp_01,579,478,107,64,57910747864,579.8359375,-478.5
WOD_Ruins,0,WOD_Ruins_03,583,478,107,107,583107478107,583.8359375,-478.1640625
WOD_BanditFort,0,WOD_BanditFort_01,589,478,107,64,58910747864,589.8359375,-478.5
WOD_BanditCamp,0,WOD_BanditCamp_08,595,478,21,107,59521478107,595.1640625,-478.1640625
WOD_Ruins,0,WOD_Ruins_01,625,478,21,107,62521478107,625.1640625,-478.1640625
WOD_Ruins,0,WOD_Ruins_01,630,478,21,64,6302147864,630.1640625,-478.5
WOD_BanditFort,0,WOD_BanditFort_01,672,478,21,64,6722147864,672.1640625,-478.5
WOD_Ruins,0,WOD_Ruins_05,692,478,107,107,692107478107,692.8359375,-478.1640625
WOD_BanditCamp,0,WOD_BanditCamp_03,699,478,21,107,69921478107,699.1640625,-478.1640625
WOD_BanditCamp,0,WOD_BanditCamp_06,484,479,64,21,4846447921,484.5,-479.8359375
WOD_BanditCamp,0,WOD_BanditCamp_08,502,479,21,21,5022147921,502.1640625,-479.8359375
WOD_BanditCamp,0,WOD_BanditCamp_08,515,479,107,64,51510747964,515.8359375,-479.5
WOD_BanditFort,0,WOD_BanditFort_01,517,479,107,107,517107479107,517.8359375,-479.1640625
WOD_Ruins,0,WOD_Ruins_01,544,479,107,21,54410747921,544.8359375,-479.8359375
WOD_Ruins,0,WOD_Ruins_01,579,479,107,107,579107479107,579.8359375,-479.1640625
WOD_Ruins,0,WOD_Ruins_06,592,479,21,64,5922147964,592.1640625,-479.5
WOD_BanditCamp,0,WOD_BanditCamp_04,608,479,107,107,608107479107,608.8359375,-479.1640625
WOD_Ruins,0,WOD_Ruins_01,641,479,21,107,64121479107,641.1640625,-479.1640625
WOD_BanditCamp,0,WOD_BanditCamp_03,707,479,64,107,70764479107,707.5,-479.1640625
WOD_BanditCamp,0,WOD_BanditCamp_04,726,479,21,21,7262147921,726.1640625,-479.8359375
WOD_Ruins,0,WOD_Ruins_01,502,480,21,21,5022148021,502.1640625,-480.8359375
WOD_BanditCamp,0,WOD_BanditCamp_07,521,480,107,107,521107480107,521.8359375,-480.1640625
WOD_Ruins,0,WOD_Ruins_03,570,480,107,107,570107480107,570.8359375,-480.1640625
WOD_Ruins,0,WOD_Ruins_01,575,480,107,107,575107480107,575.8359375,-480.1640625
WOD_BanditCamp,0,WOD_BanditCamp_09,611,480,21,107,61121480107,611.1640625,-480.1640625
WOD_BanditCamp,0,WOD_BanditCamp_04,625,480,107,21,62510748021,625.8359375,-480.8359375
WOD_BanditCamp,0,WOD_BanditCamp_08,644,480,107,64,64410748064,644.8359375,-480.5
WOD_BanditFort,0,WOD_BanditFort_01,654,480,107,107,654107480107,654.8359375,-480.1640625
WOD_BanditFort,0,WOD_BanditFort_01,664,480,64,107,66464480107,664.5,-480.1640625
WOD_BanditFort,0,WOD_BanditFort_01,665,480,64,107,66564480107,665.5,-480.1640625
WOD_Ruins,0,WOD_Ruins_01,527,481,21,64,5272148164,527.1640625,-481.5
WOD_Ruins,0,WOD_Ruins_02,568,481,21,64,5682148164,568.1640625,-481.5
WOD_BanditCamp,0,WOD_BanditCamp_07,602,481,21,21,6022148121,602.1640625,-481.8359375
WOD_Ruins,0,WOD_Ruins_03,625,481,107,21,62510748121,625.8359375,-481.8359375
WOD_BanditCamp,0,WOD_BanditCamp_01,628,481,21,21,6282148121,628.1640625,-481.8359375
WOD_BanditCamp,0,WOD_BanditCamp_03,646,481,107,21,64610748121,646.8359375,-481.8359375
WOD_Ruins,0,WOD_Ruins_06,668,481,64,107,66864481107,668.5,-481.1640625
WOD_Ruins,0,WOD_Ruins_01,669,481,21,64,6692148164,669.1640625,-481.5
WOD_Ruins,0,WOD_Ruins_05,675,481,107,107,675107481107,675.8359375,-481.1640625
WOD_BanditCamp,0,WOD_BanditCamp_08,677,481,21,107,67721481107,677.1640625,-481.1640625
WOD_BanditCamp,0,WOD_BanditCamp_08,688,481,64,21,6886448121,688.5,-481.8359375
WOD_BanditCamp,0,WOD_BanditCamp_06,481,482,21,21,4812148221,481.1640625,-482.8359375
WOD_Ruins,0,WOD_Ruins_03,497,482,21,21,4972148221,497.1640625,-482.8359375
WOD_Ruins,0,WOD_Ruins_01,520,482,21,64,5202148264,520.1640625,-482.5
WOD_BanditCamp,0,WOD_BanditCamp_09,523,482,64,107,52364482107,523.5,-482.1640625
WOD_Ruins,0,WOD_Ruins_01,567,482,64,21,5676448221,567.5,-482.8359375
WOD_BanditCamp,0,WOD_BanditCamp_06,575,482,64,107,57564482107,575.5,-482.1640625
WOD_BanditCamp,0,WOD_BanditCamp_03,579,482,64,21,5796448221,579.5,-482.8359375
WOD_Ruins,0,WOD_Ruins_06,621,482,21,107,62121482107,621.1640625,-482.1640625
WOD_BanditFort,0,WOD_BanditFort_01,624,482,64,21,6246448221,624.5,-482.8359375
WOD_Ruins,0,WOD_Ruins_04,676,482,64,21,6766448221,676.5,-482.8359375
WOD_BanditFort,0,WOD_BanditFort_01,686,482,21,21,6862148221,686.1640625,-482.8359375
WOD_Ruins,0,WOD_Ruins_01,699,482,21,64,6992148264,699.1640625,-482.5
WOD_Ruins,0,WOD_Ruins_03,712,482,64,21,7126448221,712.5,-482.8359375
WOD_Ruins,0,WOD_Ruins_02,501,483,64,21,5016448321,501.5,-483.8359375
WOD_BanditCamp,0,WOD_BanditCamp_08,513,483,21,64,5132148364,513.1640625,-483.5
WOD_BanditCamp,0,WOD_BanditCamp_07,525,483,107,107,525107483107,525.8359375,-483.1640625
WOD_BanditCamp,0,WOD_BanditCamp_04,536,483,21,21,5362148321,536.1640625,-483.8359375
WOD_Ruins,0,WOD_Ruins_05,573,483,107,64,57310748364,573.8359375,-483.5
WOD_Ruins,0,WOD_Ruins_02,595,483,107,21,59510748321,595.8359375,-483.8359375
WOD_BanditCamp,0,WOD_BanditCamp_06,603,483,21,64,6032148364,603.1640625,-483.5
WOD_OrcCamp,0,WOD_OrcCamp_Large_01,613,483,107,107,613107483107,613.8359375,-483.1640625
WOD_BanditFort,0,WOD_BanditFort_01,615,483,21,107,61521483107,615.1640625,-483.1640625
WOD_BanditFort,0,WOD_BanditFort_01,619,483,107,21,61910748321,619.8359375,-483.8359375
WOD_BanditFort,0,WOD_BanditFort_01,671,483,64,21,6716448321,671.5,-483.8359375
WOD_BanditCamp,0,WOD_BanditCamp_03,679,483,64,21,6796448321,679.5,-483.8359375
WOD_BanditCamp,0,WOD_BanditCamp_02,694,483,21,21,6942148321,694.1640625,-483.8359375
WOD_BanditFort,0,WOD_BanditFort_01,696,483,107,107,696107483107,696.8359375,-483.1640625
WOD_Ruins,0,WOD_Ruins_03,477,484,107,64,47710748464,477.8359375,-484.5
WOD_BanditCamp,0,WOD_BanditCamp_07,520,484,21,21,5202148421,520.1640625,-484.8359375
WOD_BanditCamp,0,WOD_BanditCamp_05,566,484,64,107,56664484107,566.5,-484.1640625
WOD_Ruins,0,WOD_Ruins_03,567,484,64,21,5676448421,567.5,-484.8359375
WOD_OrcCamp,0,WOD_OrcCamp_Small_01,624,484,107,29,62410748421,624.8359375,-484.8359375
WOD_BanditFort,0,WOD_BanditFort_01,649,484,21,107,64921484107,649.1640625,-484.1640625
WOD_BanditCamp,0,WOD_BanditCamp_03,650,484,107,21,65010748421,650.8359375,-484.8359375
WOD_Ruins,0,WOD_Ruins_02,668,484,64,107,66864484107,668.5,-484.1640625
WOD_Ruins,0,WOD_Ruins_03,684,484,64,107,68464484107,684.5,-484.1640625
WOD_BanditCamp,0,WOD_BanditCamp_06,709,484,21,21,7092148421,709.1640625,-484.8359375
WOD_Ruins,0,WOD_Ruins_06,526,485,21,21,5262148521,526.1640625,-485.8359375
WOD_BanditCamp,0,WOD_BanditCamp_02,528,485,21,107,52821485107,528.1640625,-485.1640625
WOD_Ruins,0,WOD_Ruins_01,533,485,64,21,5336448521,533.5,-485.8359375
WOD_Shrine,0,WOD_Shrine_Zenithar_Minor_02,595,485,62,107,59564485107,595.5,-485.1640625
WOD_Ruins,0,WOD_Ruins_01,621,485,64,107,62164485107,621.5,-485.1640625
WOD_BanditCamp,0,WOD_BanditCamp_04,633,485,21,21,6332148521,633.1640625,-485.8359375
WOD_Shrine,0,WOD_Shrine_Zenithar_Major_02,635,485,21,66,6352148564,635.1640625,-485.5
WOD_BanditCamp,0,WOD_BanditCamp_07,639,485,107,107,639107485107,639.8359375,-485.1640625
WOD_BanditCamp,0,WOD_BanditCamp_05,660,485,21,107,66021485107,660.1640625,-485.1640625
WOD_BanditCamp,0,WOD_BanditCamp_04,665,485,107,64,66510748564,665.8359375,-485.5
WOD_BanditCamp,0,WOD_BanditCamp_04,677,485,64,107,67764485107,677.5,-485.1640625
WOD_Ruins,0,WOD_Ruins_03,680,485,21,21,6802148521,680.1640625,-485.8359375
WOD_BanditFort,0,WOD_BanditFort_01,707,485,64,107,70764485107,707.5,-485.1640625
WOD_Ruins,0,WOD_Ruins_02,714,485,107,21,71410748521,714.8359375,-485.8359375
WOD_Ruins,0,WOD_Ruins_05,732,485,107,21,73210748521,732.8359375,-485.8359375
WOD_BanditCamp,0,WOD_BanditCamp_02,488,486,21,64,4882148664,488.1640625,-486.5
WOD_BanditCamp,0,WOD_BanditCamp_04,497,486,21,107,49721486107,497.1640625,-486.1640625
WOD_Ruins,0,WOD_Ruins_01,508,486,64,21,5086448621,508.5,-486.8359375
WOD_Ruins,0,WOD_Ruins_03,531,486,21,58,5312148664,531.1640625,-486.5
WOD_BanditCamp,0,WOD_BanditCamp_08,587,486,21,64,5872148664,587.1640625,-486.5
WOD_Ruins,0,WOD_Ruins_04,632,486,64,21,6326448621,632.5,-486.8359375
WOD_BanditCamp,0,WOD_BanditCamp_05,634,486,107,107,634107486107,634.8359375,-486.1640625
WOD_BanditCamp,0,WOD_BanditCamp_01,637,486,21,21,6372148621,637.1640625,-486.8359375
WOD_BanditCamp,0,WOD_BanditCamp_07,655,486,21,21,6552148621,655.1640625,-486.8359375
WOD_BanditCamp,0,WOD_BanditCamp_01,657,486,107,64,65710748664,657.8359375,-486.5
WOD_Ruins,0,WOD_Ruins_02,680,486,21,112,68021486107,680.1640625,-486.1640625
WOD_Shrine,0,WOD_Shrine_Stendarr_Major_05,681,486,21,107,68121486107,681.1640625,-486.1640625
WOD_BanditCamp,0,WOD_BanditCamp_01,682,486,107,59,68210748664,682.8359375,-486.5
WOD_Ruins,0,WOD_Ruins_02,688,486,107,107,688107486107,688.8359375,-486.1640625
WOD_BanditCamp,0,WOD_BanditCamp_07,473,487,107,107,473107487107,473.8359375,-487.1640625
WOD_Ruins,0,WOD_Ruins_03,485,487,21,64,4852148764,485.1640625,-487.5
WOD_BanditCamp,0,WOD_BanditCamp_04,487,487,64,21,4876448721,487.5,-487.8359375
WOD_Ruins,0,WOD_Ruins_03,508,487,64,107,50864487107,508.5,-487.1640625
WOD_BanditFort,0,WOD_BanditFort_01,524,487,107,21,52410748721,524.8359375,-487.8359375
WOD_BanditCamp,0,WOD_BanditCamp_02,559,487,107,107,559107487107,559.8359375,-487.1640625
WOD_Ruins,0,WOD_Ruins_05,562,487,64,21,5626448721,562.5,-487.8359375
WOD_BanditCamp,0,WOD_BanditCamp_03,567,487,21,21,5672148721,567.1640625,-487.8359375
WOD_Ruins,0,WOD_Ruins_02,567,487,21,64,5672148764,567.1640625,-487.5
WOD_Ruins,0,WOD_Ruins_05,567,487,21,107,56721487107,567.1640625,-487.1640625
WOD_BanditCamp,0,WOD_BanditCamp_08,573,487,107,21,57310748721,573.8359375,-487.8359375
WOD_Ruins,0,WOD_Ruins_05,588,487,21,21,5882148721,588.1640625,-487.8359375
WOD_Ruins,0,WOD_Ruins_05,593,487,21,64,5932148764,593.1640625,-487.5
WOD_Ruins,0,WOD_Ruins_04,623,487,64,21,6236448721,623.5,-487.8359375
WOD_BanditFort,0,WOD_BanditFort_01,626,487,64,21,6266448721,626.5,-487.8359375
WOD_BanditCamp,0,WOD_BanditCamp_06,703,487,21,107,70321487107,703.1640625,-487.1640625
WOD_Ruins,0,WOD_Ruins_06,703,487,64,21,7036448721,703.5,-487.8359375
WOD_Ruins,0,WOD_Ruins_06,506,488,107,21,50610748821,506.8359375,-488.8359375
WOD_Ruins,0,WOD_Ruins_06,525,488,64,107,52564488107,525.5,-488.1640625
WOD_Ruins,0,WOD_Ruins_06,531,488,107,64,53110748864,531.8359375,-488.5
WOD_BanditFort,0,WOD_BanditFort_01,558,488,64,21,5586448821,558.5,-488.8359375
WOD_BanditCamp,0,WOD_BanditCamp_09,571,488,21,21,5712148821,571.1640625,-488.8359375
WOD_BanditCamp,0,WOD_BanditCamp_06,576,488,21,107,57621488107,576.1640625,-488.1640625
WOD_BanditCamp,0,WOD_BanditCamp_05,576,488,107,21,57610748821,576.8359375,-488.8359375
WOD_BanditCamp,0,WOD_BanditCamp_05,593,488,21,64,5932148864,593.1640625,-488.5
WOD_Ruins,0,WOD_Ruins_06,607,488,64,21,6076448821,607.5,-488.8359375
WOD_BanditCamp,0,WOD_BanditCamp_03,611,488,107,64,61110748864,611.8359375,-488.5
WOD_BanditFort,0,WOD_BanditFort_01,613,488,21,64,6132148864,613.1640625,-488.5
WOD_Ruins,0,WOD_Ruins_02,675,488,64,21,6756448821,675.5,-488.8359375
WOD_BanditCamp,0,WOD_BanditCamp_07,683,488,64,21,6836448821,683.5,-488.8359375
WOD_BanditCamp,0,WOD_BanditCamp_04,701,488,107,107,701107488107,701.8359375,-488.1640625
WOD_OrcCamp,0,WOD_OrcCamp_Small_03,718,488,107,21,71810748821,718.8359375,-488.8359375
WOD_BanditFort,0,WOD_BanditFort_01,506,489,21,107,50621489107,506.1640625,-489.1640625
WOD_Ruins,0,WOD_Ruins_03,563,489,21,64,5632148964,563.1640625,-489.5
WOD_Ruins,0,WOD_Ruins_06,572,489,107,28,57210748921,572.8359375,-489.8359375
WOD_BanditCamp,0,WOD_BanditCamp_06,600,489,107,107,600107489107,600.8359375,-489.1640625
WOD_BanditFort,0,WOD_BanditFort_01,624,489,107,21,62410748921,624.8359375,-489.8359375
WOD_Ruins,0,WOD_Ruins_06,659,489,107,107,659107489107,659.8359375,-489.1640625
WOD_Ruins,0,WOD_Ruins_01,672,489,107,64,67210748964,672.8359375,-489.5
WOD_BanditCamp,0,WOD_BanditCamp_06,676,489,21,64,6762148964,676.1640625,-489.5
WOD_BanditCamp,0,WOD_BanditCamp_09,689,489,21,58,6892148964,689.1640625,-489.5
WOD_BanditCamp,0,WOD_BanditCamp_07,486,490,64,107,48664490107,486.5,-490.1640625
WOD_BanditCamp,0,WOD_BanditCamp_08,527,490,64,107,52764490107,527.5,-490.1640625
WOD_BanditCamp,0,WOD_BanditCamp_09,545,490,21,64,5452149064,545.1640625,-490.5
WOD_Ruins,0,WOD_Ruins_04,576,490,21,21,5762149021,576.1640625,-490.8359375
WOD_Ruins,0,WOD_Ruins_05,577,490,64,107,57764490107,577.5,-490.1640625
WOD_BanditCamp,0,WOD_BanditCamp_06,578,490,107,21,57810749021,578.8359375,-490.8359375
WOD_Ruins,0,WOD_Ruins_03,597,490,21,64,5972149064,597.1640625,-490.5
WOD_BanditCamp,0,WOD_BanditCamp_02,600,490,21,107,60021490107,600.1640625,-490.1640625
WOD_Ruins,0,WOD_Ruins_04,610,490,107,64,61010749064,610.8359375,-490.5
WOD_BanditCamp,0,WOD_BanditCamp_03,619,490,64,21,6196449021,619.5,-490.8359375
WOD_BanditCamp,0,WOD_BanditCamp_01,619,490,107,107,619107490107,619.8359375,-490.1640625
WOD_BanditCamp,0,WOD_BanditCamp_03,628,490,107,21,62810749021,628.8359375,-490.8359375
WOD_BanditCamp,0,WOD_BanditCamp_04,655,490,21,21,6552149021,655.1640625,-490.8359375
WOD_Ruins,0,WOD_Ruins_02,659,490,21,107,65921490107,659.1640625,-490.1640625
WOD_Ruins,0,WOD_Ruins_02,724,490,107,21,72410749021,724.8359375,-490.8359375
WOD_Ruins,0,WOD_Ruins_03,474,491,107,64,47410749164,474.8359375,-491.5
WOD_Shrine,0,WOD_Shrine_Zenithar_Major_06,577,491,60,64,5776449164,577.5,-491.5
WOD_BanditCamp,0,WOD_BanditCamp_07,601,491,107,107,601107491107,601.8359375,-491.1640625
WOD_BanditCamp,0,WOD_BanditCamp_09,603,491,107,107,603107491107,603.8359375,-491.1640625
WOD_OrcCamp,0,WOD_OrcCamp_Large_01,633,491,64,107,63364491107,633.5,-491.1640625
WOD_BanditCamp,0,WOD_BanditCamp_06,641,491,21,107,64121491107,641.1640625,-491.1640625
WOD_Ruins,0,WOD_Ruins_06,646,491,64,107,64664491107,646.5,-491.1640625
WOD_BanditCamp,0,WOD_BanditCamp_01,687,491,21,107,68721491107,687.1640625,-491.1640625
WOD_Shrine,0,WOD_Shrine_Stendarr_Minor_03,691,491,107,24,69110749121,691.8359375,-491.8359375
WOD_BanditFort,0,WOD_BanditFort_01,727,491,64,107,72764491107,727.5,-491.1640625
WOD_BanditFort,0,WOD_BanditFort_01,486,492,107,21,48610749221,486.8359375,-492.8359375
WOD_BanditCamp,0,WOD_BanditCamp_08,510,492,21,64,5102149264,510.1640625,-492.5
WOD_BanditCamp,0,WOD_BanditCamp_08,567,492,107,21,56710749221,567.8359375,-492.8359375
WOD_Ruins,0,WOD_Ruins_02,570,492,21,107,57021492107,570.1640625,-492.1640625
WOD_Ruins,0,WOD_Ruins_01,612,492,64,107,61264492107,612.5,-492.1640625
WOD_Ruins,0,WOD_Ruins_06,640,492,107,107,640107492107,640.8359375,-492.1640625
WOD_BanditCamp,0,WOD_BanditCamp_04,655,492,107,21,65510749221,655.8359375,-492.8359375
WOD_BanditCamp,0,WOD_BanditCamp_03,659,492,64,21,6596449221,659.5,-492.8359375
WOD_Ruins,0,WOD_Ruins_02,662,492,21,64,6622149264,662.1640625,-492.5
WOD_BanditCamp,0,WOD_BanditCamp_05,668,492,64,21,6686449221,668.5,-492.8359375
WOD_BanditCamp,0,WOD_BanditCamp_07,687,492,64,21,6876449221,687.5,-492.8359375
WOD_BanditCamp,0,WOD_BanditCamp_03,700,492,21,107,70021492107,700.1640625,-492.1640625
WOD_Ruins,0,WOD_Ruins_04,484,493,64,107,48464493107,484.5,-493.1640625
WOD_BanditCamp,0,WOD_BanditCamp_03,493,493,107,21,49310749321,493.8359375,-493.8359375
WOD_BanditCamp,0,WOD_BanditCamp_09,526,493,21,64,5262149364,526.1640625,-493.5
WOD_BanditCamp,0,WOD_BanditCamp_03,552,493,64,21,5526449321,552.5,-493.8359375
WOD_Ruins,0,WOD_Ruins_01,571,493,107,107,571107493107,571.8359375,-493.1640625
WOD_Shrine,0,WOD_Shrine_Zenithar_Minor_07,580,493,64,62,5806449364,580.5,-493.5
WOD_Ruins,0,WOD_Ruins_05,582,493,107,28,58210749321,582.8359375,-493.8359375
WOD_BanditCamp,0,WOD_BanditCamp_07,582,493,21,107,58221493107,582.1640625,-493.1640625
WOD_Ruins,0,WOD_Ruins_04,586,493,64,21,5866449321,586.5,-493.8359375
WOD_Ruins,0,WOD_Ruins_01,610,493,107,107,610107493107,610.8359375,-493.1640625
WOD_Ruins,0,WOD_Ruins_01,631,493,21,64,6312149364,631.1640625,-493.5
WOD_Ruins,0,WOD_Ruins_02,631,493,107,107,631107493107,631.8359375,-493.1640625
WOD_Ruins,0,WOD_Ruins_01,632,493,107,64,63210749364,632.8359375,-493.5
WOD_BanditFort,0,WOD_BanditFort_01,634,493,21,21,6342149321,634.1640625,-493.8359375
WOD_Shrine,0,WOD_Shrine_Stendarr_Minor_06,636,493,107,64,63610749364,636.8359375,-493.5
WOD_BanditCamp,0,WOD_BanditCamp_08,659,493,21,64,6592149364,659.1640625,-493.5
WOD_Ruins,0,WOD_Ruins_06,661,493,21,21,6612149321,661.1640625,-493.8359375
WOD_Ruins,0,WOD_Ruins_05,669,493,64,21,6696449321,669.5,-493.8359375
WOD_BanditCamp,0,WOD_BanditCamp_07,706,493,21,60,7062149364,706.1640625,-493.5
WOD_BanditFort,0,WOD_BanditFort_01,709,493,64,21,7096449321,709.5,-493.8359375
WOD_BanditCamp,0,WOD_BanditCamp_04,724,493,107,21,72410749321,724.8359375,-493.8359375
WOD_Ruins,0,WOD_Ruins_02,728,493,58,64,7286449364,728.5,-493.5
WOD_BanditFort,0,WOD_BanditFort_01,732,493,64,72,7326449364,732.5,-493.5
WOD_Ruins,0,WOD_Ruins_03,534,494,107,64,53410749464,534.8359375,-494.5
WOD_BanditCamp,0,WOD_BanditCamp_08,544,494,64,107,54464494107,544.5,-494.1640625
WOD_OrcCamp,0,WOD_OrcCamp_Large_01,563,494,21,107,56321494107,563.1640625,-494.1640625
WOD_BanditCamp,0,WOD_BanditCamp_01,590,494,21,64,5902149464,590.1640625,-494.5
WOD_Ruins,0,WOD_Ruins_06,639,494,107,107,639107494107,639.8359375,-494.1640625
WOD_Ruins,0,WOD_Ruins_06,693,494,21,21,6932149421,693.1640625,-494.8359375
WOD_Ruins,0,WOD_Ruins_05,693,494,107,107,693107494107,693.8359375,-494.1640625
WOD_Ruins,0,WOD_Ruins_02,707,494,21,21,7072149421,707.1640625,-494.8359375
WOD_BanditCamp,0,WOD_BanditCamp_08,708,494,64,21,7086449421,708.5,-494.8359375
WOD_Ruins,0,WOD_Ruins_05,710,494,21,107,71021494107,710.1640625,-494.1640625
WOD_Ruins,0,WOD_Ruins_04,712,494,107,60,71210749464,712.8359375,-494.5
WOD_BanditCamp,0,WOD_BanditCamp_07,714,494,107,28,71410749421,714.8359375,-494.8359375
WOD_Ruins,0,WOD_Ruins_06,734,494,21,107,73421494107,734.1640625,-494.1640625
WOD_Ruins,0,WOD_Ruins_04,735,494,21,21,7352149421,735.1640625,-494.8359375
WOD_Ruins,0,WOD_Ruins_02,460,495,21,64,4602149564,460.1640625,-495.5
WOD_Ruins,0,WOD_Ruins_06,461,495,64,21,4616449521,461.5,-495.8359375
WOD_BanditCamp,0,WOD_BanditCamp_04,468,495,107,107,468107495107,468.8359375,-495.1640625
WOD_BanditFort,0,WOD_BanditFort_01,505,495,107,64,50510749564,505.8359375,-495.5
WOD_BanditCamp,0,WOD_BanditCamp_04,520,495,64,107,52064495107,520.5,-495.1640625
WOD_BanditCamp,0,WOD_BanditCamp_02,525,495,64,107,52564495107,525.5,-495.1640625
WOD_Ruins,0,WOD_Ruins_03,549,495,64,21,5496449521,549.5,-495.8359375
WOD_BanditCamp,0,WOD_BanditCamp_03,573,495,107,21,57310749521,573.8359375,-495.8359375
WOD_BanditCamp,0,WOD_BanditCamp_09,587,495,64,74,5876449564,587.5,-495.5
WOD_BanditCamp,0,WOD_BanditCamp_04,614,495,107,21,61410749521,614.8359375,-495.8359375
WOD_Shrine,0,WOD_Shrine_Zenithar_Minor_03,638,495,66,21,6386449521,638.5,-495.8359375
WOD_Ruins,0,WOD_Ruins_05,679,495,64,107,67964495107,679.5,-495.1640625
WOD_Ruins,0,WOD_Ruins_05,700,495,107,107,700107495107,700.8359375,-495.1640625
WOD_BanditCamp,0,WOD_BanditCamp_06,709,495,21,107,70921495107,709.1640625,-495.1640625
WOD_BanditCamp,0,WOD_BanditCamp_08,716,495,107,21,71610749521,716.8359375,-495.8359375
WOD_Shrine,0,WOD_Shrine_Stendarr_Major_03,720,495,107,66,72010749564,720.8359375,-495.5
WOD_BanditCamp,0,WOD_BanditCamp_03,728,495,21,21,7282149521,728.1640625,-495.8359375
WOD_Ruins,0,WOD_Ruins_01,733,495,107,21,73310749521,733.8359375,-495.8359375
WOD_Ruins,0,WOD_Ruins_03,465,496,107,21,46510749621,465.8359375,-496.8359375
WOD_Ruins,0,WOD_Ruins_04,468,496,107,107,468107496107,468.8359375,-496.1640625
WOD_BanditCamp,0,WOD_BanditCamp_07,477,496,107,21,47710749621,477.8359375,-496.8359375
WOD_BanditCamp,0,WOD_BanditCamp_06,486,496,21,21,4862149621,486.1640625,-496.8359375
WOD_Ruins,0,WOD_Ruins_02,533,496,64,107,53364496107,533.5,-496.1640625
WOD_BanditFort,0,WOD_BanditFort_01,677,496,21,107,67721496107,677.1640625,-496.1640625
WOD_Ruins,0,WOD_Ruins_02,494,497,107,21,49410749721,494.8359375,-497.8359375
WOD_BanditCamp,0,WOD_BanditCamp_07,506,497,64,107,50664497107,506.5,-497.1640625
WOD_Ruins,0,WOD_Ruins_04,535,497,21,64,5352149764,535.1640625,-497.5
WOD_Ruins,0,WOD_Ruins_03,537,497,107,107,537107497107,537.8359375,-497.1640625
WOD_BanditFort,0,WOD_BanditFort_01,594,497,107,107,594107497107,594.8359375,-497.1640625
WOD_BanditFort,0,WOD_BanditFort_01,597,497,64,21,5976449721,597.5,-497.8359375
WOD_Ruins,0,WOD_Ruins_06,720,497,21,64,7202149764,720.1640625,-497.5
WOD_Ruins,0,WOD_Ruins_03,721,497,21,21,7212149721,721.1640625,-497.8359375
WOD_BanditCamp,0,WOD_BanditCamp_07,455,498,107,64,45510749864,455.8359375,-498.5
WOD_BanditCamp,0,WOD_BanditCamp_08,461,498,107,107,461107498107,461.8359375,-498.1640625
WOD_Ruins,0,WOD_Ruins_03,477,498,107,107,477107498107,477.8359375,-498.1640625
WOD_BanditCamp,0,WOD_BanditCamp_03,582,498,21,107,58221498107,582.1640625,-498.1640625
WOD_Ruins,0,WOD_Ruins_01,582,498,64,107,58264498107,582.5,-498.1640625
WOD_Ruins,0,WOD_Ruins_04,673,498,21,107,67321498107,673.1640625,-498.1640625
WOD_BanditFort,0,WOD_BanditFort_01,712,498,21,107,71221498107,712.1640625,-498.1640625
WOD_BanditCamp,0,WOD_BanditCamp_02,725,498,107,64,72510749864,725.8359375,-498.5
WOD_BanditCamp,0,WOD_BanditCamp_03,483,499,107,64,48310749964,483.8359375,-499.5
WOD_BanditCamp,0,WOD_BanditCamp_06,485,499,21,21,4852149921,485.1640625,-499.8359375
WOD_Ruins,0,WOD_Ruins_02,533,499,107,21,53310749921,533.8359375,-499.8359375
WOD_BanditCamp,0,WOD_BanditCamp_06,568,499,21,64,5682149964,568.1640625,-499.5
WOD_BanditCamp,0,WOD_BanditCamp_09,571,499,64,107,57164499107,571.5,-499.1640625
WOD_BanditCamp,0,WOD_BanditCamp_05,573,499,21,107,57321499107,573.1640625,-499.1640625
WOD_BanditCamp,0,WOD_BanditCamp_09,597,499,107,107,597107499107,597.8359375,-499.1640625
WOD_BanditCamp,0,WOD_BanditCamp_09,623,499,107,21,62310749921,623.8359375,-499.8359375
WOD_Ruins,0,WOD_Ruins_03,630,499,64,107,63064499107,630.5,-499.1640625
WOD_BanditFort,0,WOD_BanditFort_01,682,499,21,107,68221499107,682.1640625,-499.1640625
WOD_BanditCamp,0,WOD_BanditCamp_08,697,499,21,64,6972149964,697.1640625,-499.5
WOD_BanditCamp,0,WOD_BanditCamp_02,728,499,21,64,7282149964,728.1640625,-499.5
