name,type,prefab,rotYaxis,worldX,worldY,terrainX,terrainY,locationID,region,gisX,gisY,climate,altitude,sink,scale
Rocks,1,WOD_Rocks_Round_Small_07,40,408,129,44,76,4084412832,Anticlere,408.34375,-129.40625,1.0,4.0,0.3561094127986038,0.9942874188239796
Rocks,1,WOD_Rocks_Round_Small_07,173,360,134,63,13,3606313496,Anticlere,360.4921875,-134.8984375,1.0,4.0,0.3741598992276935,0.8043072881365172
Rocks,1,WOD_Rocks_Round_Small_04,176,368,165,63,14,3686316597,Anticlere,368.4921875,-165.890625,1.0,4.0,0.4463434139830471,0.9692941357826472
Rocks,1,WOD_Rocks_Round_Small_04,-72,353,162,81,59,3538116115,Anticlere,353.6328125,-162.5390625,1.0,4.0,0.3412054700335748,0.9109343831462478
Rocks,1,WOD_Rocks_Round_Small_05,-154,415,120,20,118,4152011974,Anticlere,415.15625,-120.078125,1.0,4.0,0.3089235589516972,0.7643003287011405
Rocks,1,WOD_Rocks_Round_Small_06,92,439,142,64,23,43964142106,Anticlere,439.5,-142.8203125,1.0,4.0,0.4232560440257735,0.7747095886522157
Rocks,1,WOD_Rocks_Round_Small_10,-157,385,145,86,93,3858614449,Anticlere,385.671875,-145.2734375,1.0,4.0,0.276184687612202,0.9051003303976382
Rocks,1,WOD_Rocks_Round_Small_04,-175,411,126,41,1,4114112684,Anticlere,411.3203125,-126.9921875,1.0,4.0,0.2601797075016223,0.8220646228175321
Rocks,1,WOD_Rocks_Round_Small_07,-26,418,173,100,16,41810017399,Anticlere,418.78125,-173.875,1.0,4.0,0.4476938231612101,0.7928243762851842
Rocks,1,WOD_Rocks_Round_Small_06,-87,415,128,78,0,4157812883,Anticlere,415.609375,-129.0,1.0,4.0,0.3020015779766088,0.8987361709439966
Rocks,1,WOD_Rocks_Round_Small_01,-111,416,121,110,57,41611012013,Anticlere,416.859375,-121.5546875,1.0,4.0,0.434026291890712,0.9211933902691546
Rocks,1,WOD_Rocks_Round_Small_01,13,344,157,67,86,3446715642,Anticlere,344.5234375,-157.328125,1.0,4.0,0.2522657706265637,0.9258861277335716
Rocks,1,WOD_Rocks_Round_Small_01,88,382,131,36,8,3823613191,Anticlere,382.28125,-131.9375,1.0,4.0,0.4474975713356041,0.9297286065246736
Rocks,1,WOD_Rocks_Round_Small_01,7,416,129,27,44,41627129127,Anticlere,416.2109375,-129.65625,1.0,4.0,0.4319242952642398,0.8785953237233519
Rocks,1,WOD_Rocks_Round_Small_10,-178,411,128,64,94,4116412750,Anticlere,411.5,-128.265625,1.0,4.0,0.4279272592195416,0.8481884033554026
Rocks,1,WOD_Rocks_Round_Small_01,-14,405,132,54,31,40554132114,Anticlere,405.421875,-132.7578125,1.0,4.0,0.3790430713096509,0.7744926460807473
Rocks,1,WOD_Rocks_Round_Small_09,76,378,167,3,81,3780316637,Anticlere,378.0234375,-167.3671875,1.0,4.0,0.4092226902693707,0.9584894537636558
Rocks,1,WOD_Rocks_Round_Small_05,-64,388,144,26,80,3882614336,Anticlere,388.203125,-144.375,1.0,4.0,0.3648983526373816,0.9756556406377976
Rocks,1,WOD_Rocks_Round_Small_09,-119,437,164,69,28,43769164111,Anticlere,437.5390625,-164.78125,1.0,4.0,0.2986128854516499,0.921386717709696
Rocks,1,WOD_Rocks_Round_Small_07,-119,410,125,12,109,4101212465,Anticlere,410.09375,-125.1484375,1.0,4.0,0.2977175962133084,0.9268185504600492
Rocks,1,WOD_Rocks_Round_Small_01,-103,398,122,114,37,398114122120,Anticlere,398.890625,-122.7109375,1.0,4.0,0.2804797172745162,0.8611909006125412
Rocks,1,WOD_Rocks_Round_Small_07,30,413,120,72,45,41372120128,Anticlere,413.5625,-120.6484375,1.0,4.0,0.4219313208877626,0.9855993320234115
Rocks,1,WOD_Rocks_Round_Small_05,-16,347,162,95,104,3479516160,Anticlere,347.7421875,-162.1875,1.0,4.0,0.3614169736427907,0.8734858026458789
Rocks,1,WOD_Rocks_Round_Small_09,93,389,124,55,84,3895512340,Anticlere,389.4296875,-124.34375,1.0,4.0,0.3580893145881386,0.9066085472143371
Rocks,1,WOD_Rocks_Round_Small_02,174,413,122,76,67,4137612123,Anticlere,413.59375,-122.4765625,1.0,4.0,0.2677780911698816,0.9001281265210821
Rocks,1,WOD_Rocks_Round_Small_10,-114,351,162,56,52,3515616108,Anticlere,351.4375,-162.59375,1.0,4.0,0.3411285292185798,0.7709772296663898
Rocks,1,WOD_Rocks_Round_Small_04,32,403,134,73,19,40373134102,Anticlere,403.5703125,-134.8515625,1.0,4.0,0.3744227497541355,0.775908641219462
Rocks,1,WOD_Rocks_Round_Small_04,-135,353,144,13,44,35313144127,Anticlere,353.1015625,-144.65625,1.0,4.0,0.3578835597813375,0.750309306346019
Rocks,1,WOD_Rocks_Round_Small_07,95,396,122,97,12,3969712295,Anticlere,396.7578125,-122.90625,1.0,4.0,0.3424841847296151,0.7920391741128459
Rocks,1,WOD_Rocks_Round_Small_06,77,414,125,32,98,4143212454,Anticlere,414.25,-125.234375,1.0,4.0,0.4280840341137732,0.9152925740687798
Rocks,1,WOD_Rocks_Round_Small_07,29,419,127,93,80,4199312636,Anticlere,419.7265625,-127.375,1.0,4.0,0.2893963364544965,0.8438404161026863
Rocks,1,WOD_Rocks_Round_Small_06,163,390,127,116,120,39011612676,Anticlere,390.90625,-127.0625,1.0,4.0,0.3713317395549783,0.9029850343282284
Rocks,1,WOD_Rocks_Round_Small_08,137,356,160,45,68,3564515924,Anticlere,356.3515625,-160.46875,1.0,4.0,0.2622189499555032,0.8310339268372323
Rocks,1,WOD_Rocks_Round_Small_05,17,387,130,15,79,3871512935,Anticlere,387.1171875,-130.3828125,1.0,4.0,0.3545209785518787,0.75715739983587
Rocks,1,WOD_Rocks_Round_Small_07,147,359,164,77,122,3597716378,Anticlere,359.6015625,-164.046875,1.0,4.0,0.3505959203174753,0.9876429364401468
Rocks,1,WOD_Rocks_Round_Small_03,-178,366,159,77,58,3667715814,Anticlere,366.6015625,-159.546875,1.0,4.0,0.3804247999280586,0.9523241670637244
Rocks,1,WOD_Rocks_Round_Small_03,-61,413,125,42,76,4134212432,Anticlere,413.328125,-125.40625,1.0,4.0,0.3621895010205218,0.9548533108002206
Rocks,1,WOD_Rocks_Round_Small_02,102,356,130,54,95,3565412951,Anticlere,356.421875,-130.2578125,1.0,4.0,0.3882429728182238,0.8088130383365681
Rocks,1,WOD_Rocks_Round_Small_07,138,351,135,41,112,3514113468,Anticlere,351.3203125,-135.125,1.0,4.0,0.3656859606895073,0.9637575310283464
Rocks,1,WOD_Rocks_Round_Small_10,-169,355,159,19,18,35519159101,Anticlere,355.1484375,-159.859375,1.0,4.0,0.4458754373536632,0.9427357348702844
Rocks,1,WOD_Rocks_Round_Small_05,107,343,161,68,70,3436816026,Anticlere,343.53125,-161.453125,1.0,4.0,0.2852991045659389,0.90372804156635
Rocks,1,WOD_Rocks_Round_Small_05,48,390,125,72,114,3907212470,Anticlere,390.5625,-125.109375,1.0,4.0,0.3700760996451679,0.8812610724810517
Rocks,1,WOD_Rocks_Round_Small_10,163,334,144,27,111,3342714367,Anticlere,334.2109375,-144.1328125,1.0,4.0,0.32938409551856,0.7939618410490958
Rocks,1,WOD_Rocks_Round_Small_09,-84,385,130,113,4,38511313087,Anticlere,385.8828125,-130.96875,1.0,4.0,0.3493665566784693,0.8956344443593542
Rocks,1,WOD_Rocks_Round_Small_03,-24,391,128,50,118,3915012774,Anticlere,391.390625,-128.078125,1.0,4.0,0.4327470292945818,0.9155865358524048
Rocks,1,WOD_Rocks_Round_Small_02,171,365,159,77,114,3657715870,Anticlere,365.6015625,-159.109375,1.0,4.0,0.3240028342502094,0.958220965274104
Rocks,1,WOD_Rocks_Round_Small_10,-75,412,129,72,105,4127212861,Anticlere,412.5625,-129.1796875,1.0,4.0,0.3090788177689415,0.8687749276908964
Rocks,1,WOD_Rocks_Round_Small_02,29,355,161,46,23,35546161106,Anticlere,355.359375,-161.8203125,1.0,4.0,0.2877511318372951,0.8642409295689006
Rocks,1,WOD_Rocks_Round_Small_05,136,402,127,18,58,4021812614,Anticlere,402.140625,-127.546875,1.0,4.0,0.2674731193951399,0.8955878347812356
Rocks,1,WOD_Rocks_Round_Small_02,73,384,128,81,68,3848112724,Anticlere,384.6328125,-128.46875,1.0,4.0,0.3598101903749167,0.908539990497224
Rocks,1,WOD_Rocks_Round_Small_01,3,349,143,9,84,3490914240,Anticlere,349.0703125,-143.34375,1.0,4.0,0.4057255596533479,0.8121394637649259
Rocks,1,WOD_Rocks_Round_Small_01,-20,404,135,36,66,4043613422,Anticlere,404.28125,-135.484375,1.0,4.0,0.3116282735557522,0.8518933179056113
Rocks,1,WOD_Rocks_Round_Small_01,-74,343,158,83,3,3438315886,Anticlere,343.6484375,-158.9765625,1.0,4.0,0.3146034302184322,0.8239599556496153
Rocks,1,WOD_Rocks_Round_Small_07,-21,340,142,101,95,34010114151,Anticlere,340.7890625,-142.2578125,1.0,4.0,0.4118181173154718,0.9092826370031548
Rocks,1,WOD_Rocks_Round_Small_02,61,393,125,36,35,39336125118,Anticlere,393.28125,-125.7265625,1.0,4.0,0.3515304943820515,0.8697624604561911
Rocks,1,WOD_Rocks_Round_Small_06,-74,344,157,115,42,344115157125,Anticlere,344.8984375,-157.671875,1.0,4.0,0.3490027705428329,0.9599221852131388
Rocks,1,WOD_Rocks_Round_Small_03,176,411,124,56,50,4115612306,Anticlere,411.4375,-124.609375,1.0,4.0,0.3192908989696263,0.9700514949774144
Rocks,1,WOD_Rocks_Round_Small_01,101,499,154,5,104,4990515360,Anticlere,499.0390625,-154.1875,1.0,4.0,0.3942066149024139,0.8868273075603914
Rocks,1,WOD_Rocks_Round_Small_03,177,357,159,76,118,3577615874,Anticlere,357.59375,-159.078125,1.0,4.0,0.3422011259432003,0.8791124734351783
Rocks,1,WOD_Rocks_Round_Small_07,-61,344,145,67,13,3446714596,Anticlere,344.5234375,-145.8984375,1.0,4.0,0.3396128428420137,0.8334812956192124
Rocks,1,WOD_Rocks_Round_Small_04,-45,415,169,46,1,4154616984,Anticlere,415.359375,-169.9921875,1.0,4.0,0.2882624097051953,0.9727196947406525
Rocks,1,WOD_Rocks_Round_Small_01,-5,353,131,56,103,3535613059,Anticlere,353.4375,-131.1953125,1.0,4.0,0.2991926759153192,0.8859937028114876
Rocks,1,WOD_Rocks_Round_Small_07,-156,397,125,115,76,39711512432,Anticlere,397.8984375,-125.40625,1.0,4.0,0.2852630810880419,0.9732601154593954
Rocks,1,WOD_Rocks_Round_Small_03,-82,396,136,67,125,3966713581,Anticlere,396.5234375,-136.0234375,1.0,4.0,0.3948672180968068,0.966598728209187
Rocks,1,WOD_Rocks_Round_Small_09,-90,416,118,105,67,41610511723,Anticlere,416.8203125,-118.4765625,1.0,4.0,0.3428990411325786,0.9107997193192108
Rocks,1,WOD_Rocks_Round_Small_09,21,441,155,124,118,44112415474,Anticlere,441.96875,-155.078125,1.0,4.0,0.3454795348495191,0.9061078552037556
Rocks,1,WOD_Rocks_Round_Small_06,-120,412,120,12,120,4121211976,Anticlere,412.09375,-120.0625,1.0,4.0,0.3868614029127387,0.8332344363362112
Rocks,1,WOD_Rocks_Round_Small_10,-74,347,159,32,102,3473215858,Anticlere,347.25,-159.203125,1.0,4.0,0.2528819995631492,0.7511610418109111
Rocks,1,WOD_Rocks_Round_Small_05,-144,415,130,37,88,4153712944,Anticlere,415.2890625,-130.3125,1.0,4.0,0.3530482509267444,0.9591216208365164
Rocks,1,WOD_Rocks_Round_Small_02,134,386,144,84,59,3868414315,Anticlere,386.65625,-144.5390625,1.0,4.0,0.3887886829114939,0.7691145152496162
Rocks,1,WOD_Rocks_Round_Small_05,-167,439,161,51,4,4395116187,Anticlere,439.3984375,-161.96875,1.0,4.0,0.3433141911499768,0.7568840628160154
Rocks,1,WOD_Rocks_Round_Small_08,115,348,160,113,105,34811315961,Anticlere,348.8828125,-160.1796875,1.0,4.0,0.414318717146836,0.8901587763282165
Rocks,1,WOD_Rocks_Round_Small_07,28,389,143,118,80,38911814236,Anticlere,389.921875,-143.375,1.0,4.0,0.2845251343942679,0.8024534279282126
Rocks,1,WOD_Rocks_Round_Small_10,96,364,160,33,36,36433160119,Anticlere,364.2578125,-160.71875,1.0,4.0,0.3553556214058664,0.890405533288474
Rocks,1,WOD_Rocks_Round_Small_02,-90,415,126,69,99,4156912555,Anticlere,415.5390625,-126.2265625,1.0,4.0,0.359069210764034,0.9265249101293032
Rocks,1,WOD_Rocks_Round_Small_06,154,460,157,64,68,4606415624,Anticlere,460.5,-157.46875,1.0,4.0,0.2649905119616326,0.921323594368898
Rocks,1,WOD_Rocks_Round_Small_06,114,359,167,37,68,3593716624,Anticlere,359.2890625,-167.46875,1.0,4.0,0.2863243864359939,0.8214113653423841
Rocks,1,WOD_Rocks_Round_Small_07,-42,346,142,38,12,3463814295,Anticlere,346.296875,-142.90625,1.0,4.0,0.288998505904997,0.7586752744674095
Rocks,1,WOD_Rocks_Round_Small_06,-171,437,155,6,9,4370615592,Anticlere,437.046875,-155.9296875,1.0,4.0,0.4166871990958862,0.8224993088798016
Rocks,1,WOD_Rocks_Round_Small_04,-70,475,152,88,118,4758815174,Anticlere,475.6875,-152.078125,1.0,4.0,0.2745028357484789,0.7906562929170882
Rocks,1,WOD_Rocks_Round_Small_03,114,351,164,96,70,3519616326,Anticlere,351.75,-164.453125,1.0,4.0,0.3431856526863301,0.8085264983481767
Rocks,1,WOD_Rocks_Round_Small_09,78,417,118,29,67,4172911723,Anticlere,417.2265625,-118.4765625,1.0,4.0,0.4302588374612666,0.9723851095347196
Rocks,1,WOD_Rocks_Round_Small_03,144,407,131,65,44,4076513000,Anticlere,407.5078125,-131.65625,1.0,4.0,0.384693066209149,0.8464951185485499
Rocks,1,WOD_Rocks_Round_Small_04,-143,404,133,72,62,4047213218,Anticlere,404.5625,-133.515625,1.0,4.0,0.2524009203053846,0.7998366689079663
Rocks,1,WOD_Rocks_Round_Small_09,-130,349,140,52,88,3495213944,Anticlere,349.40625,-140.3125,1.0,4.0,0.3488508328502263,0.9513825110960308
Rocks,1,WOD_Rocks_Round_Small_07,86,356,161,122,13,35612216196,Anticlere,356.953125,-161.8984375,1.0,4.0,0.3556390962665267,0.7759361474046154
Rocks,1,WOD_Rocks_Round_Small_04,14,413,123,70,62,4137012218,Anticlere,413.546875,-123.515625,1.0,4.0,0.3151665927843972,0.902198318251612
Rocks,1,WOD_Rocks_Round_Small_03,99,417,124,95,18,41795124101,Anticlere,417.7421875,-124.859375,1.0,4.0,0.4345277455541768,0.7677707941112804
Rocks,1,WOD_Rocks_Round_Small_03,-6,352,157,63,113,3526315669,Anticlere,352.4921875,-157.1171875,1.0,4.0,0.3551371823516361,0.9823661629800748
Rocks,1,WOD_Rocks_Round_Small_09,-50,385,128,29,49,3852912705,Anticlere,385.2265625,-128.6171875,1.0,4.0,0.4171531222601792,0.973636163879622
Rocks,1,WOD_Rocks_Round_Small_01,36,356,135,22,67,3562213423,Anticlere,356.171875,-135.4765625,1.0,4.0,0.3350020714515113,0.9633874314811576
Rocks,1,WOD_Rocks_Round_Small_01,-33,417,125,20,3,4172012586,Anticlere,417.15625,-125.9765625,1.0,4.0,0.3640444499498558,0.8132493867750388
Rocks,1,WOD_Rocks_Round_Small_01,114,413,120,128,122,41312811978,Anticlere,414.0,-120.046875,1.0,4.0,0.3327998537503688,0.9367163634982738
Rocks,1,WOD_Rocks_Round_Small_03,-61,344,184,13,13,3441318496,Anticlere,344.1015625,-184.8984375,1.0,4.0,0.3885374312563536,0.992808334335754
Rocks,1,WOD_Rocks_Round_Small_08,-97,356,161,6,5,3560616188,Anticlere,356.046875,-161.9609375,1.0,4.0,0.2823477119355191,0.7881506611327789
Rocks,1,WOD_Rocks_Round_Small_04,-173,354,157,10,37,35410157120,Anticlere,354.078125,-157.7109375,1.0,4.0,0.3184750218500694,0.8025222111010428
Rocks,1,WOD_Rocks_Round_Small_07,-111,401,134,127,21,401127134104,Anticlere,401.9921875,-134.8359375,1.0,4.0,0.4494128079579933,0.8647232742878962
Rocks,1,WOD_Rocks_Round_Small_10,-142,477,152,51,108,4775115164,Anticlere,477.3984375,-152.15625,1.0,4.0,0.2794711197471544,0.8317959042517199
Rocks,1,WOD_Rocks_Round_Small_10,-128,422,124,42,117,4224212373,Anticlere,422.328125,-124.0859375,1.0,4.0,0.2791916089284515,0.7595779964391175
Rocks,1,WOD_Rocks_Round_Small_03,39,351,159,120,17,351120159100,Anticlere,351.9375,-159.8671875,1.0,4.0,0.3771220184190628,0.9680162684834276
Rocks,1,WOD_Rocks_Round_Small_05,-62,342,154,44,36,34244154119,Anticlere,342.34375,-154.71875,1.0,4.0,0.3450351671473339,0.9334160877512472
Rocks,1,WOD_Rocks_Round_Small_06,61,400,135,51,39,40051135122,Anticlere,400.3984375,-135.6953125,1.0,4.0,0.399176873321358,0.7727622130777132
Rocks,1,WOD_Rocks_Round_Small_09,-72,461,166,115,37,461115166120,Anticlere,461.8984375,-166.7109375,1.0,4.0,0.356374304826581,0.8115974901991103
Rocks,1,WOD_Rocks_Round_Small_04,65,377,165,79,23,37779165106,Anticlere,377.6171875,-165.8203125,1.0,4.0,0.2857066611577353,0.8267767454956862
Rocks,1,WOD_Rocks_Round_Small_09,45,385,143,105,18,385105143101,Anticlere,385.8203125,-143.859375,1.0,4.0,0.3371813009360554,0.92171005780493
Rocks,1,WOD_Rocks_Round_Small_01,115,334,172,90,125,3349017181,Anticlere,334.703125,-172.0234375,1.0,4.0,0.388250456489019,0.9476928467760212
Rocks,1,WOD_Rocks_Round_Small_07,49,333,144,24,44,33324144127,Anticlere,333.1875,-144.65625,1.0,4.0,0.3000147367496508,0.7841489105012364
Rocks,1,WOD_Rocks_Round_Small_03,100,386,128,54,44,3865412700,Anticlere,386.421875,-128.65625,1.0,4.0,0.3815023416736718,0.8493930247988719
Rocks,1,WOD_Rocks_Round_Small_05,35,356,137,88,49,3568813605,Anticlere,356.6875,-137.6171875,1.0,4.0,0.3737580616061704,0.8076703412395535
Rocks,1,WOD_Rocks_Round_Small_09,161,355,128,59,79,3555912735,Anticlere,355.4609375,-128.3828125,1.0,4.0,0.355302561920757,0.7606561377855807
Rocks,1,WOD_Rocks_Round_Small_06,-153,341,185,111,105,34111118461,Anticlere,341.8671875,-185.1796875,1.0,4.0,0.4132260619575549,0.7582567123173991
Rocks,1,WOD_Rocks_Round_Small_01,37,345,149,35,53,3453514809,Anticlere,345.2734375,-149.5859375,1.0,4.0,0.2529645605776771,0.987242008244858
Rocks,1,WOD_Rocks_Round_Small_06,25,352,161,84,126,3528416082,Anticlere,352.65625,-161.015625,1.0,4.0,0.3498976717875678,0.8809733262051977
Rocks,1,WOD_Rocks_Round_Small_03,-114,415,120,82,100,4158211956,Anticlere,415.640625,-120.21875,1.0,4.0,0.4000769097156363,0.8833230337805481
Rocks,1,WOD_Rocks_Round_Small_05,54,408,131,44,98,4084413054,Anticlere,408.34375,-131.234375,1.0,4.0,0.373643956820827,0.8345058506481505
Rocks,1,WOD_Rocks_Round_Small_10,-36,392,128,18,37,39218128120,Anticlere,392.140625,-128.7109375,1.0,4.0,0.271480226150281,0.8441218074275476
Rocks,1,WOD_Rocks_Round_Small_01,24,386,126,99,27,38699126110,Anticlere,386.7734375,-126.7890625,1.0,4.0,0.3373194435158699,0.7518178363223019
Rocks,1,WOD_Rocks_Round_Small_01,-39,409,120,23,39,40923120122,Anticlere,409.1796875,-120.6953125,1.0,4.0,0.3607856076457424,0.8897311440988152
Rocks,1,WOD_Rocks_Round_Small_09,89,362,162,23,99,3622316155,Anticlere,362.1796875,-162.2265625,1.0,4.0,0.4406892979628275,0.8015732938940234
Rocks,1,WOD_Rocks_Round_Small_09,174,407,119,96,117,4079611873,Anticlere,407.75,-119.0859375,1.0,4.0,0.3364741230885938,0.9439361561726214
Rocks,1,WOD_Rocks_Round_Small_09,-50,368,166,83,56,3688316512,Anticlere,368.6484375,-166.5625,1.0,4.0,0.3769973308257416,0.8230545294699139
Rocks,1,WOD_Rocks_Round_Small_05,-152,351,138,124,121,35112413777,Anticlere,351.96875,-138.0546875,1.0,4.0,0.3078751579307225,0.8523090235174762
Rocks,1,WOD_Rocks_Round_Small_10,-158,349,160,79,21,34979160104,Anticlere,349.6171875,-160.8359375,1.0,4.0,0.3141927384416455,0.9258834522012596
Rocks,1,WOD_Rocks_Round_Small_10,-172,399,121,109,33,399109121116,Anticlere,399.8515625,-121.7421875,1.0,4.0,0.3244270865136567,0.8672007420372174
Rocks,1,WOD_Rocks_Round_Small_05,-58,339,188,116,99,33911618755,Anticlere,339.90625,-188.2265625,1.0,4.0,0.284791091590011,0.936584502643927
Rocks,1,WOD_Rocks_Round_Small_09,-31,349,162,12,48,3491216104,Anticlere,349.09375,-162.625,1.0,4.0,0.3642650761477055,0.8917229213549067
Rocks,1,WOD_Rocks_Round_Small_06,-130,410,129,110,50,41011012806,Anticlere,410.859375,-129.609375,1.0,4.0,0.3643128171505043,0.9215430628005058
Rocks,1,WOD_Rocks_Round_Small_10,89,405,133,27,84,4052713240,Anticlere,405.2109375,-133.34375,1.0,4.0,0.2806291429309455,0.8688676939084752
Rocks,1,WOD_Rocks_Round_Small_08,13,414,128,95,125,4149512781,Anticlere,414.7421875,-128.0234375,1.0,4.0,0.3787370843836866,0.7784004322438833
Rocks,1,WOD_Rocks_Round_Small_05,-110,356,159,79,25,35679159108,Anticlere,356.6171875,-159.8046875,1.0,4.0,0.348568175748573,0.8098139885112993
Rocks,1,WOD_Rocks_Round_Small_02,146,414,121,83,113,4148312069,Anticlere,414.6484375,-121.1171875,1.0,4.0,0.331369960581459,0.8813312477846387
Rocks,1,WOD_Rocks_Round_Small_04,-135,345,144,77,75,3457714331,Anticlere,345.6015625,-144.4140625,1.0,4.0,0.3152858524829601,0.8959072762569353
Rocks,1,WOD_Rocks_Round_Small_08,98,340,157,61,77,3406115633,Anticlere,340.4765625,-157.3984375,1.0,4.0,0.333048556298198,0.7974535769307102
Rocks,1,WOD_Rocks_Round_Small_09,-168,415,125,56,47,4155612403,Anticlere,415.4375,-125.6328125,1.0,4.0,0.2989412344908379,0.9132356225770216
Rocks,1,WOD_Rocks_Round_Small_07,-112,403,119,102,77,40310211833,Anticlere,403.796875,-119.3984375,1.0,4.0,0.2798682935734733,0.973319093425548
Rocks,1,WOD_Rocks_Round_Small_01,34,394,137,65,45,3946513601,Anticlere,394.5078125,-137.6484375,1.0,4.0,0.3350480848943775,0.8036216485570937
Rocks,1,WOD_Rocks_Round_Small_09,74,388,144,127,47,38812714303,Anticlere,388.9921875,-144.6328125,1.0,4.0,0.3300875705298512,0.8932478716529262
Rocks,1,WOD_Rocks_Round_Small_08,113,408,117,50,117,4085011673,Anticlere,408.390625,-117.0859375,1.0,4.0,0.2991267746108292,0.9301541299858468
Rocks,1,WOD_Rocks_Round_Small_08,-91,358,160,13,84,3581315940,Anticlere,358.1015625,-160.34375,1.0,4.0,0.4328129160884001,0.7742466099081108
Rocks,1,WOD_Rocks_Round_Small_09,-13,349,138,128,57,34912813713,Anticlere,350.0,-138.5546875,1.0,4.0,0.3189045099955103,0.925226994693302
Rocks,1,WOD_Rocks_Round_Small_09,6,348,179,64,103,3486417859,Anticlere,348.5,-179.1953125,1.0,4.0,0.2767072135822447,0.852371147002563
Rocks,1,WOD_Rocks_Round_Small_07,-113,417,120,35,126,4173511982,Anticlere,417.2734375,-120.015625,1.0,4.0,0.3579764564685522,0.953374793158023
Rocks,1,WOD_Rocks_Round_Small_01,-156,443,156,95,70,4439515526,Anticlere,443.7421875,-156.453125,1.0,4.0,0.3328788784803552,0.8084768013793089
Rocks,1,WOD_Rocks_Round_Small_08,9,433,159,119,111,43311915867,Anticlere,433.9296875,-159.1328125,1.0,4.0,0.4259729600083148,0.9126482359779674
Rocks,1,WOD_Rocks_Round_Small_07,-98,386,130,116,62,38611612918,Anticlere,386.90625,-130.515625,1.0,4.0,0.4420035122493593,0.8463737238857678
Rocks,1,WOD_Rocks_Round_Small_07,-133,419,131,1,95,4190113051,Anticlere,419.0078125,-131.2578125,1.0,4.0,0.408695174132983,0.7724766337565016
Rocks,1,WOD_Rocks_Round_Small_01,-154,435,154,93,17,43593154100,Anticlere,435.7265625,-154.8671875,1.0,4.0,0.2824172194121253,0.966631408799686
Rocks,1,WOD_Rocks_Round_Small_06,-61,364,160,6,96,3640615952,Anticlere,364.046875,-160.25,1.0,4.0,0.3371346248595496,0.9564270584522994
Rocks,1,WOD_Rocks_Round_Small_07,-86,438,160,26,85,4382615941,Anticlere,438.203125,-160.3359375,1.0,4.0,0.2877064756837787,0.7744988277051902
Rocks,1,WOD_Rocks_Round_Small_04,-177,349,162,3,99,3490316155,Anticlere,349.0234375,-162.2265625,1.0,4.0,0.3135912454347239,0.7854639876697939
Rocks,1,WOD_Rocks_Round_Small_08,45,404,122,92,104,4049212160,Anticlere,404.71875,-122.1875,1.0,4.0,0.3115467289214307,0.7730040305198338
Rocks,1,WOD_Rocks_Round_Small_02,134,405,118,123,108,40512311764,Anticlere,405.9609375,-118.15625,1.0,4.0,0.3527355256275165,0.9970717463852484
Rocks,1,WOD_Rocks_Round_Small_01,99,389,145,46,117,3894614473,Anticlere,389.359375,-145.0859375,1.0,4.0,0.3135395486460184,0.7990101663926856
Rocks,1,WOD_Rocks_Round_Small_09,-111,419,123,46,5,4194612388,Anticlere,419.359375,-123.9609375,1.0,4.0,0.3658915012630712,0.8161329756712001
Rocks,1,WOD_Rocks_Round_Small_05,-25,350,138,110,89,35011013745,Anticlere,350.859375,-138.3046875,1.0,4.0,0.4224232857136031,0.8573013786651608
Rocks,1,WOD_Rocks_Round_Small_09,143,440,153,17,86,4401715242,Anticlere,440.1328125,-153.328125,1.0,4.0,0.2955860179616111,0.9020275838042208
Rocks,1,WOD_Rocks_Round_Small_08,-179,350,178,49,12,3504917895,Anticlere,350.3828125,-178.90625,1.0,4.0,0.3518573365685022,0.8933276813432959
Rocks,1,WOD_Rocks_Round_Small_02,-81,344,161,6,91,3440616047,Anticlere,344.046875,-161.2890625,1.0,4.0,0.4247785839054459,0.9662295211943424
Rocks,1,WOD_Rocks_Round_Small_05,33,344,174,123,30,344123174113,Anticlere,344.9609375,-174.765625,1.0,4.0,0.2773814196937914,0.933818736399854
Rocks,1,WOD_Rocks_Round_Small_05,140,361,160,44,16,3614416099,Anticlere,361.34375,-160.875,1.0,4.0,0.4106886220998738,0.9793290739281442
Rocks,1,WOD_Rocks_Round_Small_01,-8,491,134,69,121,4916913377,Anticlere,491.5390625,-134.0546875,1.0,4.0,0.4189976254397096,0.8239426775070507
Rocks,1,WOD_Rocks_Round_Small_10,29,397,124,12,121,3971212377,Anticlere,397.09375,-124.0546875,1.0,4.0,0.4461609401224949,0.986721635069274
Rocks,1,WOD_Rocks_Round_Small_08,170,396,134,58,121,3965813377,Anticlere,396.453125,-134.0546875,1.0,4.0,0.2661252361603775,0.9867577776016464
Rocks,1,WOD_Rocks_Round_Small_09,-140,345,155,86,23,34586155106,Anticlere,345.671875,-155.8203125,1.0,4.0,0.294232782101014,0.9623862334388265
Rocks,1,WOD_Rocks_Round_Small_01,17,454,163,84,108,4548416264,Anticlere,454.65625,-163.15625,1.0,4.0,0.344963487776163,0.8453982825412641
Rocks,1,WOD_Rocks_Round_Small_01,87,499,154,44,94,4994415350,Anticlere,499.34375,-154.265625,1.0,4.0,0.2843928849363017,0.8358870801515466
Rocks,1,WOD_Rocks_Round_Small_02,-136,388,148,42,44,38842148127,Anticlere,388.328125,-148.65625,1.0,4.0,0.4423018581405975,0.984117570484014
Rocks,1,WOD_Rocks_Round_Small_01,176,349,140,97,63,3499713919,Anticlere,349.7578125,-140.5078125,1.0,4.0,0.2737046914367791,0.9331107282982768
Rocks,1,WOD_Rocks_Round_Small_05,86,438,160,9,121,4380915977,Anticlere,438.0703125,-160.0546875,1.0,4.0,0.3751887666714287,0.9813751345693428
Rocks,1,WOD_Rocks_Round_Small_07,-109,357,137,102,1,35710213784,Anticlere,357.796875,-137.9921875,1.0,4.0,0.377689172747309,0.7734071184609235
Rocks,1,WOD_Rocks_Round_Small_03,125,357,137,38,111,3573813667,Anticlere,357.296875,-137.1328125,1.0,4.0,0.3484315225795378,0.9537048613822244
Rocks,1,WOD_Rocks_Round_Small_03,-121,353,177,28,113,3532817669,Anticlere,353.21875,-177.1171875,1.0,4.0,0.4306216330127522,0.9236169260802128
Rocks,1,WOD_Rocks_Round_Small_09,-30,413,123,36,52,4133612208,Anticlere,413.28125,-123.59375,1.0,4.0,0.4477210063051472,0.7544831668957952
Rocks,1,WOD_Rocks_Round_Small_03,25,341,142,24,71,3412414127,Anticlere,341.1875,-142.4453125,1.0,4.0,0.2537433930452154,0.8679055901691443
Rocks,1,WOD_Rocks_Round_Small_10,-107,352,135,120,8,35212013591,Anticlere,352.9375,-135.9375,1.0,4.0,0.4182633742786685,0.9362205162043388
Rocks,1,WOD_Rocks_Round_Small_07,-173,345,189,56,21,34556189104,Anticlere,345.4375,-189.8359375,1.0,4.0,0.3235296517011267,0.8346373565737382
Rocks,1,WOD_Rocks_Round_Small_08,-138,402,131,64,54,4026413010,Anticlere,402.5,-131.578125,1.0,4.0,0.2948678511607491,0.844785420667432
Rocks,1,WOD_Rocks_Round_Small_06,-19,407,119,18,67,4071811823,Anticlere,407.140625,-119.4765625,1.0,4.0,0.3642635401123451,0.7729011910749644
Rocks,1,WOD_Rocks_Round_Small_03,56,406,119,40,44,4064011800,Anticlere,406.3125,-119.65625,1.0,4.0,0.3311167917599134,0.794938690995301
Rocks,1,WOD_Rocks_Round_Small_06,-172,417,122,78,36,41778122119,Anticlere,417.609375,-122.71875,1.0,4.0,0.3512834270064033,0.7872880524018288
Rocks,1,WOD_Rocks_Round_Small_09,-66,354,135,29,105,3542913461,Anticlere,354.2265625,-135.1796875,1.0,4.0,0.320446672150433,0.9137044907338236
Rocks,1,WOD_Rocks_Round_Small_09,165,360,160,125,100,36012515956,Anticlere,360.9765625,-160.21875,1.0,4.0,0.384410738714097,0.8741497882355473
Rocks,1,WOD_Rocks_Round_Small_08,177,501,144,47,33,50147144116,Anticlere,501.3671875,-144.7421875,1.0,4.0,0.4435224412940719,0.898866376218931
Rocks,1,WOD_Rocks_Round_Small_08,-25,406,120,8,0,4060812083,Anticlere,406.0625,-121.0,1.0,4.0,0.3608891366641359,0.9669417522717408
Rocks,1,WOD_Rocks_Round_Small_10,20,393,126,105,58,39310512514,Anticlere,393.8203125,-126.546875,1.0,4.0,0.277409478286897,0.8736051333431345
Rocks,1,WOD_Rocks_Round_Small_06,174,501,144,102,18,501102144101,Anticlere,501.796875,-144.859375,1.0,4.0,0.3345619992730925,0.7730330187651108
Rocks,1,WOD_Rocks_Round_Small_06,72,406,121,13,81,4061312037,Anticlere,406.1015625,-121.3671875,1.0,4.0,0.3068102414013044,0.991379632155295
Rocks,1,WOD_Rocks_Round_Small_04,-32,346,147,17,118,3461714674,Anticlere,346.1328125,-147.078125,1.0,4.0,0.3510629520580554,0.930029147784083
Rocks,1,WOD_Rocks_Round_Small_07,-115,411,157,115,108,41111515664,Anticlere,411.8984375,-157.15625,1.0,4.0,0.3353987108087133,0.9853289611143026
Rocks,1,WOD_Rocks_Round_Small_01,25,337,153,22,85,3372215241,Anticlere,337.171875,-153.3359375,1.0,4.0,0.2955086095164622,0.9379099498888732
Rocks,1,WOD_Rocks_Round_Small_07,160,406,154,100,49,40610015305,Anticlere,406.78125,-154.6171875,1.0,4.0,0.4392859919113622,0.8531007081363088
Rocks,1,WOD_Rocks_Round_Small_05,92,418,122,14,85,4181412141,Anticlere,418.109375,-122.3359375,1.0,4.0,0.2602882227744512,0.977785745450264
Rocks,1,WOD_Rocks_Round_Small_04,84,410,163,102,120,41010216276,Anticlere,410.796875,-163.0625,1.0,4.0,0.4216109756497382,0.9574778409836536
Rocks,1,WOD_Rocks_Round_Small_03,-92,348,179,106,35,348106179118,Anticlere,348.828125,-179.7265625,1.0,4.0,0.380926381281389,0.8879638069516989
Rocks,1,WOD_Rocks_Round_Small_08,168,386,129,70,63,3867012819,Anticlere,386.546875,-129.5078125,1.0,4.0,0.3118985420064443,0.8465714072382662
Rocks,1,WOD_Rocks_Round_Small_03,-128,394,130,1,45,3940112901,Anticlere,394.0078125,-130.6484375,1.0,4.0,0.3223121830409056,0.8712077296029522
Rocks,1,WOD_Rocks_Round_Small_04,-54,387,128,67,12,3876712895,Anticlere,387.5234375,-128.90625,1.0,4.0,0.2657832723203944,0.7560886026299336
Rocks,1,WOD_Rocks_Round_Small_05,133,499,154,124,77,49912415333,Anticlere,499.96875,-154.3984375,1.0,4.0,0.3131863616659638,0.8933154142426829
Rocks,1,WOD_Rocks_Round_Small_09,26,483,150,38,89,4833814945,Anticlere,483.296875,-150.3046875,1.0,4.0,0.2730518439314154,0.7924469772711318
Rocks,1,WOD_Rocks_Round_Small_10,147,361,171,41,122,3614117078,Anticlere,361.3203125,-171.046875,1.0,4.0,0.4299158213447429,0.8473379508012523
Rocks,1,WOD_Rocks_Round_Small_05,38,425,173,78,73,4257817229,Anticlere,425.609375,-173.4296875,1.0,4.0,0.4326653233987059,0.8152806809454216
Rocks,1,WOD_Rocks_Round_Small_05,158,350,138,31,90,3503113746,Anticlere,350.2421875,-138.296875,1.0,4.0,0.3331765120434392,0.7636442093150961
Rocks,1,WOD_Rocks_Round_Small_09,-166,486,139,118,14,48611813997,Anticlere,486.921875,-139.890625,1.0,4.0,0.2894830240927352,0.7910496579657471
Rocks,1,WOD_Rocks_Round_Small_08,15,351,136,8,105,3510813561,Anticlere,351.0625,-136.1796875,1.0,4.0,0.3470943153498937,0.8053350163917286
Rocks,1,WOD_Rocks_Round_Small_06,-82,358,168,33,105,3583316761,Anticlere,358.2578125,-168.1796875,1.0,4.0,0.3406977367011463,0.8780709129165892
Rocks,1,WOD_Rocks_Round_Small_08,-55,404,117,108,4,40410811787,Anticlere,404.84375,-117.96875,1.0,4.0,0.3596344919951159,0.8663469752638427
Rocks,1,WOD_Rocks_Round_Small_05,150,501,150,113,109,50111314965,Anticlere,501.8828125,-150.1484375,1.0,4.0,0.3633549029069488,0.750245642433753
Rocks,1,WOD_Rocks_Round_Small_04,53,457,145,37,109,4573714465,Anticlere,457.2890625,-145.1484375,1.0,4.0,0.4381068702587306,0.8802939284295502
Rocks,1,WOD_Rocks_Round_Small_01,-115,410,130,59,102,4105912958,Anticlere,410.4609375,-130.203125,1.0,4.0,0.3404782618498136,0.9444729092038052
Rocks,1,WOD_Rocks_Round_Small_07,82,403,124,26,45,4032612301,Anticlere,403.203125,-124.6484375,1.0,4.0,0.4467122799911232,0.921025178299778
Rocks,1,WOD_Rocks_Round_Small_07,155,426,174,127,57,42612717313,Anticlere,426.9921875,-174.5546875,1.0,4.0,0.4221632007747729,0.9168004772895736
Rocks,1,WOD_Rocks_Round_Small_06,-108,350,156,51,1,3505115684,Anticlere,350.3984375,-156.9921875,1.0,4.0,0.3599762114580577,0.9919686523579836
Rocks,1,WOD_Rocks_Round_Small_07,-177,436,154,83,44,43683154127,Anticlere,436.6484375,-154.65625,1.0,4.0,0.2810109801889077,0.8755455924034775
Rocks,1,WOD_Rocks_Round_Small_02,77,405,128,49,63,4054912719,Anticlere,405.3828125,-128.5078125,1.0,4.0,0.4119743601572593,0.979410741877357
Rocks,1,WOD_Rocks_Round_Small_08,-138,338,143,123,86,33812314242,Anticlere,338.9609375,-143.328125,1.0,4.0,0.3277047112076076,0.8709207664635841
Rocks,1,WOD_Rocks_Round_Small_01,-141,420,121,88,94,4208812050,Anticlere,420.6875,-121.265625,1.0,4.0,0.404034381103686,0.924505336427534
Rocks,1,WOD_Rocks_Round_Small_04,157,403,132,24,107,4032413163,Anticlere,403.1875,-132.1640625,1.0,4.0,0.4002977887694182,0.8378141104855494
Rocks,1,WOD_Rocks_Round_Small_10,155,417,125,29,77,4172912433,Anticlere,417.2265625,-125.3984375,1.0,4.0,0.3736621994845848,0.7772531115294163
Rocks,1,WOD_Rocks_Round_Small_07,-12,389,143,113,81,38911314237,Anticlere,389.8828125,-143.3671875,1.0,4.0,0.3797717028327595,0.9719495984685078
Rocks,1,WOD_Rocks_Round_Small_01,-127,349,178,119,22,349119178105,Anticlere,349.9296875,-178.828125,1.0,4.0,0.3711901541328414,0.8032820109969493
Rocks,1,WOD_Rocks_Round_Small_03,143,425,125,33,108,4253312464,Anticlere,425.2578125,-125.15625,1.0,4.0,0.281582329520176,0.9764861823368962
Rocks,1,WOD_Rocks_Round_Small_01,50,502,151,37,82,5023715038,Anticlere,502.2890625,-151.359375,1.0,4.0,0.2975669934308209,0.945184827884838
Rocks,1,WOD_Rocks_Round_Small_07,-85,466,159,119,28,466119159111,Anticlere,466.9296875,-159.78125,1.0,4.0,0.3091960815315432,0.9305483502130394
Rocks,1,WOD_Rocks_Round_Small_03,138,419,175,61,35,41961175118,Anticlere,419.4765625,-175.7265625,1.0,4.0,0.4421114458978997,0.7731258197370854
Rocks,1,WOD_Rocks_Round_Small_07,138,340,145,9,8,3400914591,Anticlere,340.0703125,-145.9375,1.0,4.0,0.3294694226327373,0.814171045793076
Rocks,1,WOD_Rocks_Round_Small_09,-70,353,130,87,19,35387130102,Anticlere,353.6796875,-130.8515625,1.0,4.0,0.3086259086056218,0.8077901390353566
Rocks,1,WOD_Rocks_Round_Small_06,15,389,128,125,10,38912512893,Anticlere,389.9765625,-128.921875,1.0,4.0,0.300790550322507,0.9918865038133992
Rocks,1,WOD_Rocks_Round_Small_03,44,339,156,79,100,3397915556,Anticlere,339.6171875,-156.21875,1.0,4.0,0.2871433216133292,0.9554618285775544
Rocks,1,WOD_Rocks_Round_Small_07,12,360,161,100,105,36010016061,Anticlere,360.78125,-161.1796875,1.0,4.0,0.4091322233190118,0.9175904629714504
Rocks,1,WOD_Rocks_Round_Small_09,68,404,126,1,13,4040112696,Anticlere,404.0078125,-126.8984375,1.0,4.0,0.3713041471809086,0.893614457365849
Rocks,1,WOD_Rocks_Round_Small_06,112,402,133,77,82,4027713238,Anticlere,402.6015625,-133.359375,1.0,4.0,0.3175789772472228,0.9651923360966836
Rocks,1,WOD_Rocks_Round_Small_01,39,355,129,69,23,35569129106,Anticlere,355.5390625,-129.8203125,1.0,4.0,0.2905131845705564,0.8065044898475626
Rocks,1,WOD_Rocks_Round_Small_09,144,342,152,119,126,34211915182,Anticlere,342.9296875,-152.015625,1.0,4.0,0.3937052052864989,0.792877138060893
Rocks,1,WOD_Rocks_Round_Small_02,146,346,150,32,23,34632150106,Anticlere,346.25,-150.8203125,1.0,4.0,0.353208694663211,0.8212800395295509
Rocks,1,WOD_Rocks_Round_Small_03,82,416,130,61,53,4166112909,Anticlere,416.4765625,-130.5859375,1.0,4.0,0.4020212599247322,0.9646799614630904
Rocks,1,WOD_Rocks_Round_Small_06,-94,402,121,18,13,4021812196,Anticlere,402.140625,-121.8984375,1.0,4.0,0.2806932459915,0.967419745820528
Rocks,1,WOD_Rocks_Round_Small_06,174,406,134,106,104,40610613360,Anticlere,406.828125,-134.1875,1.0,4.0,0.4073264224352609,0.7982195854848088
Rocks,1,WOD_Rocks_Round_Small_01,-122,466,158,70,28,46670158111,Anticlere,466.546875,-158.78125,1.0,4.0,0.2678267082908863,0.994973120396406
Rocks,1,WOD_Rocks_Round_Small_08,101,348,163,56,9,3485616392,Anticlere,348.4375,-163.9296875,1.0,4.0,0.3481416705632741,0.9833100261185452
Rocks,1,WOD_Rocks_Round_Small_07,32,417,122,88,5,4178812288,Anticlere,417.6875,-122.9609375,1.0,4.0,0.406037740562972,0.8783463777873098
Rocks,1,WOD_Rocks_Round_Small_04,-68,489,142,83,13,4898314296,Anticlere,489.6484375,-142.8984375,1.0,4.0,0.4302377808926028,0.9445073384921224
Rocks,1,WOD_Rocks_Round_Small_10,-20,500,154,49,88,5004915344,Anticlere,500.3828125,-154.3125,1.0,4.0,0.4337016800216065,0.7832832110809353
Rocks,1,WOD_Rocks_Round_Small_10,25,415,128,96,7,4159612890,Anticlere,415.75,-128.9453125,1.0,4.0,0.4488242838207958,0.9488724031961148
Rocks,1,WOD_Rocks_Round_Small_07,107,411,119,86,64,4118611820,Anticlere,411.671875,-119.5,1.0,4.0,0.4361744150953937,0.7504830905006068
Rocks,1,WOD_Rocks_Round_Small_10,-47,347,182,59,47,3475918103,Anticlere,347.4609375,-182.6328125,1.0,4.0,0.3466978551132832,0.7576265875159722
Rocks,1,WOD_Rocks_Round_Small_03,-67,402,118,56,44,4025611700,Anticlere,402.4375,-118.65625,1.0,4.0,0.4135170222349507,0.8725546305232635
Rocks,1,WOD_Rocks_Round_Small_10,47,412,119,1,23,41201119106,Anticlere,412.0078125,-119.8203125,1.0,4.0,0.3225195818666299,0.8049314809554297
Rocks,1,WOD_Rocks_Round_Small_04,154,396,133,64,14,3966413397,Anticlere,396.5,-133.890625,1.0,4.0,0.4391215058755637,0.9525030104409856
Rocks,1,WOD_Rocks_Round_Small_02,-91,342,148,36,5,3423614888,Anticlere,342.28125,-148.9609375,1.0,4.0,0.3220296787504504,0.7970398128428822
Rocks,1,WOD_Rocks_Round_Small_06,-99,438,156,56,25,43856156108,Anticlere,438.4375,-156.8046875,1.0,4.0,0.4063925284505463,0.986366907981488
Rocks,1,WOD_Rocks_Round_Small_05,-15,346,155,20,50,3462015406,Anticlere,346.15625,-155.609375,1.0,4.0,0.3858206971571382,0.9870885418770036
Rocks,1,WOD_Rocks_Round_Small_04,125,369,169,56,123,3695616879,Anticlere,369.4375,-169.0390625,1.0,4.0,0.3688208695647774,0.7583791685193884
Rocks,1,WOD_Rocks_Round_Small_01,154,417,119,105,95,41710511851,Anticlere,417.8203125,-119.2578125,1.0,4.0,0.2945553681522254,0.9611219777557592
Rocks,1,WOD_Rocks_Round_Small_04,-113,384,129,69,108,3846912864,Anticlere,384.5390625,-129.15625,1.0,4.0,0.3688779615774903,0.913156229119132
Rocks,1,WOD_Rocks_Round_Small_08,86,338,146,38,47,3383814503,Anticlere,338.296875,-146.6328125,1.0,4.0,0.4122309756845705,0.9988693265525962
Rocks,1,WOD_Rocks_Round_Small_07,44,402,120,110,105,40211011961,Anticlere,402.859375,-120.1796875,1.0,4.0,0.2648199003769387,0.9693002653538938
Rocks,1,WOD_Rocks_Round_Small_05,10,345,160,40,121,3454015977,Anticlere,345.3125,-160.0546875,1.0,4.0,0.3324054095821263,0.9923053033186632
Rocks,1,WOD_Rocks_Round_Small_06,-177,391,126,50,26,39150126109,Anticlere,391.390625,-126.796875,1.0,4.0,0.3794161514723806,0.903168458632782
Rocks,1,WOD_Rocks_Round_Small_05,-96,412,129,70,21,41270129104,Anticlere,412.546875,-129.8359375,1.0,4.0,0.393528309090246,0.8303937116261493
Rocks,1,WOD_Rocks_Round_Small_10,11,338,153,3,9,3380315392,Anticlere,338.0234375,-153.9296875,1.0,4.0,0.294181007679804,0.8594505902289729
Rocks,1,WOD_Rocks_Round_Small_06,-38,411,129,70,42,41170129125,Anticlere,411.546875,-129.671875,1.0,4.0,0.252139398470725,0.8248045656607585
Rocks,1,WOD_Rocks_Round_Small_07,-35,440,152,35,72,4403515128,Anticlere,440.2734375,-152.4375,1.0,4.0,0.3609981227771014,0.9592447770272332
Rocks,1,WOD_Rocks_Round_Small_03,101,358,166,100,26,358100166109,Anticlere,358.78125,-166.796875,1.0,4.0,0.3907197632322448,0.8511281134620112
Rocks,1,WOD_Rocks_Round_Small_04,60,411,127,113,117,41111312673,Anticlere,411.8828125,-127.0859375,1.0,4.0,0.3576142062722109,0.9291105615300153
Rocks,1,WOD_Rocks_Round_Small_02,-43,415,125,12,16,4151212599,Anticlere,415.09375,-125.875,1.0,4.0,0.3607644573756815,0.9766291450270446
Rocks,1,WOD_Rocks_Round_Small_09,-180,361,160,6,30,36106160113,Anticlere,361.046875,-160.765625,1.0,4.0,0.3218792839808955,0.9617279324814616
Rocks,1,WOD_Rocks_Round_Small_06,84,395,137,36,98,3953613654,Anticlere,395.28125,-137.234375,1.0,4.0,0.3019621860465465,0.958028699151246
Rocks,1,WOD_Rocks_Round_Small_01,117,403,125,54,22,40354125105,Anticlere,403.421875,-125.828125,1.0,4.0,0.2611646457583917,0.9850592992109848
Rocks,1,WOD_Rocks_Round_Small_01,94,354,158,67,4,3546715887,Anticlere,354.5234375,-158.96875,1.0,4.0,0.3503898451309274,0.9022523793375664
Rocks,1,WOD_Rocks_Round_Small_01,-87,346,182,119,54,34611918110,Anticlere,346.9296875,-182.578125,1.0,4.0,0.3824117925486653,0.8738571717989365
Rocks,1,WOD_Rocks_Round_Small_10,29,417,121,102,120,41710212076,Anticlere,417.796875,-121.0625,1.0,4.0,0.4237208772580062,0.7532766007747534
Rocks,1,WOD_Rocks_Round_Small_07,-117,422,122,19,95,4221912151,Anticlere,422.1484375,-122.2578125,1.0,4.0,0.408900410155435,0.8979898158040704
Rocks,1,WOD_Rocks_Round_Small_06,16,340,157,20,41,34020157124,Anticlere,340.15625,-157.6796875,1.0,4.0,0.367496389706519,0.939304684159354
Rocks,1,WOD_Rocks_Round_Small_06,81,417,123,97,67,4179712223,Anticlere,417.7578125,-123.4765625,1.0,4.0,0.422736734625078,0.8312656178055283
Rocks,1,WOD_Rocks_Round_Small_04,-100,335,144,76,70,3357614326,Anticlere,335.59375,-144.453125,1.0,4.0,0.3350704222811265,0.9271551556299216
Rocks,1,WOD_Rocks_Round_Small_10,-57,424,172,38,109,4243817165,Anticlere,424.296875,-172.1484375,1.0,4.0,0.2521897377676222,0.7899258786470674
Rocks,1,WOD_Rocks_Round_Small_06,-118,382,126,18,0,3821812683,Anticlere,382.140625,-127.0,1.0,4.0,0.390042553154173,0.9941153452447744
Rocks,1,WOD_Rocks_Round_Small_08,179,413,126,93,84,4139312540,Anticlere,413.7265625,-126.34375,1.0,4.0,0.4451169657435886,0.843733731702669
Rocks,1,WOD_Rocks_Round_Small_02,-116,406,130,78,86,4067812942,Anticlere,406.609375,-130.328125,1.0,4.0,0.3746071646177634,0.8930848031128606
Rocks,1,WOD_Rocks_Round_Small_08,-41,342,149,77,58,3427714814,Anticlere,342.6015625,-149.546875,1.0,4.0,0.3736290971306479,0.9128483502990848
Rocks,1,WOD_Rocks_Round_Small_05,-135,418,118,6,76,4180611732,Anticlere,418.046875,-118.40625,1.0,4.0,0.3275589874885503,0.8523016585320708
Rocks,1,WOD_Rocks_Round_Small_03,-13,351,139,49,105,3514913861,Anticlere,351.3828125,-139.1796875,1.0,4.0,0.4227082515574564,0.7723579437123106
Rocks,1,WOD_Rocks_Round_Small_04,-2,344,189,109,9,34410918992,Anticlere,344.8515625,-189.9296875,1.0,4.0,0.4316042014830165,0.813321618346664
Rocks,1,WOD_Rocks_Round_Small_05,125,500,143,81,12,5008114395,Anticlere,500.6328125,-143.90625,1.0,4.0,0.3746129983659617,0.9176999580548064
Rocks,1,WOD_Rocks_Round_Small_03,94,343,148,70,39,34370148122,Anticlere,343.546875,-148.6953125,1.0,4.0,0.3868695232997176,0.816311650942205
Rocks,1,WOD_Rocks_Round_Small_05,71,351,163,60,108,3516016264,Anticlere,351.46875,-163.15625,1.0,4.0,0.4158230701802795,0.899645415829721
Rocks,1,WOD_Rocks_Round_Small_04,80,356,160,14,116,3561415972,Anticlere,356.109375,-160.09375,1.0,4.0,0.3411644459833826,0.9112278847614288
Rocks,1,WOD_Rocks_Round_Small_10,-132,414,130,0,123,4140012979,Anticlere,414.0,-130.0390625,1.0,4.0,0.3980007980905818,0.7784169507873174
Rocks,1,WOD_Rocks_Round_Small_10,65,341,145,99,28,34199145111,Anticlere,341.7734375,-145.78125,1.0,4.0,0.3953487505623545,0.8605553485563943
Rocks,1,WOD_Rocks_Round_Small_03,20,408,161,105,102,40810516058,Anticlere,408.8203125,-161.203125,1.0,4.0,0.4132446225303947,0.9910087636500748
Rocks,1,WOD_Rocks_Round_Small_10,99,360,160,73,7,3607316090,Anticlere,360.5703125,-160.9453125,1.0,4.0,0.2989425741317849,0.9689457564033626
Rocks,1,WOD_Rocks_Round_Small_06,-93,409,117,4,21,40904117104,Anticlere,409.03125,-117.8359375,1.0,4.0,0.4349533117774934,0.910155428590254
Rocks,1,WOD_Rocks_Round_Small_02,-132,406,154,109,90,40610915346,Anticlere,406.8515625,-154.296875,1.0,4.0,0.2785452740776363,0.8452687988089351
Rocks,1,WOD_Rocks_Round_Small_05,-126,352,157,119,99,35211915655,Anticlere,352.9296875,-157.2265625,1.0,4.0,0.3648574003920867,0.9042851557136166
Rocks,1,WOD_Rocks_Round_Small_08,138,408,120,105,45,40810511901,Anticlere,408.8203125,-120.6484375,1.0,4.0,0.3505898013571071,0.8853358983729981
Rocks,1,WOD_Rocks_Round_Small_09,-18,402,133,27,94,4022713250,Anticlere,402.2109375,-133.265625,1.0,4.0,0.3812004186435589,0.9372609619391356
Rocks,1,WOD_Rocks_Round_Small_04,-4,358,161,22,76,3582216032,Anticlere,358.171875,-161.40625,1.0,4.0,0.3418895437827934,0.8961117021182806
Rocks,1,WOD_Rocks_Round_Small_08,-111,502,150,18,77,5021814933,Anticlere,502.140625,-150.3984375,1.0,4.0,0.3761228246941885,0.8818863780230859
Rocks,1,WOD_Rocks_Round_Small_07,105,474,140,24,45,4742413901,Anticlere,474.1875,-140.6484375,1.0,4.0,0.26956655512694,0.963914550332955
Rocks,1,WOD_Rocks_Round_Small_02,-153,361,160,87,54,3618715910,Anticlere,361.6796875,-160.578125,1.0,4.0,0.3077425039127703,0.9984471533264142
Rocks,1,WOD_Rocks_Round_Small_10,106,377,166,114,3,37711416686,Anticlere,377.890625,-166.9765625,1.0,4.0,0.3589076566913725,0.8928045688749451
Rocks,1,WOD_Rocks_Round_Small_03,-34,437,155,104,95,43710415451,Anticlere,437.8125,-155.2578125,1.0,4.0,0.4095822929546521,0.9078505493254884
Rocks,1,WOD_Rocks_Round_Small_04,-46,405,122,40,125,4054012181,Anticlere,405.3125,-122.0234375,1.0,4.0,0.3264995706420009,0.8212987035954992
Rocks,1,WOD_Rocks_Round_Small_08,-127,399,124,47,37,39947124120,Anticlere,399.3671875,-124.7109375,1.0,4.0,0.3513032080167395,0.9624207557761886
Rocks,1,WOD_Rocks_Round_Small_07,-13,422,125,4,8,4220412591,Anticlere,422.03125,-125.9375,1.0,4.0,0.3908771847813536,0.9542160522180392
Rocks,1,WOD_Rocks_Round_Small_09,131,422,120,8,19,42208120102,Anticlere,422.0625,-120.8515625,1.0,4.0,0.286100200267512,0.797060098898846
Rocks,1,WOD_Rocks_Round_Small_06,20,350,159,115,75,35011515831,Anticlere,350.8984375,-159.4140625,1.0,4.0,0.3805390378123395,0.8666877394330125
Rocks,1,WOD_Rocks_Round_Small_09,60,407,130,61,93,4076112949,Anticlere,407.4765625,-130.2734375,1.0,4.0,0.3359177933379959,0.9628852875179492
Rocks,1,WOD_Rocks_Round_Small_01,-109,352,163,111,125,35211116281,Anticlere,352.8671875,-163.0234375,1.0,4.0,0.2643203231756416,0.9047953103819673
Rocks,1,WOD_Rocks_Round_Small_04,165,411,130,72,111,4117212967,Anticlere,411.5625,-130.1328125,1.0,4.0,0.276468374861516,0.8750847384256701
Rocks,1,WOD_Rocks_Round_Small_04,85,350,136,10,17,35010136100,Anticlere,350.078125,-136.8671875,1.0,4.0,0.4223911582289843,0.846081890694778
Rocks,1,WOD_Rocks_Round_Small_01,45,363,160,127,70,36312715926,Anticlere,363.9921875,-160.453125,1.0,4.0,0.3384048247325306,0.7759772144534016
Rocks,1,WOD_Rocks_Round_Small_03,51,351,163,119,67,35111916223,Anticlere,351.9296875,-163.4765625,1.0,4.0,0.4458821482977787,0.8483895519587966
Rocks,1,WOD_Rocks_Round_Small_08,86,420,122,84,104,4208412160,Anticlere,420.65625,-122.1875,1.0,4.0,0.2933951501941899,0.8316124170876716
Rocks,1,WOD_Rocks_Round_Small_10,-68,413,128,60,9,4136012892,Anticlere,413.46875,-128.9296875,1.0,4.0,0.4166514990644998,0.7841752156605335
Rocks,1,WOD_Rocks_Round_Small_03,88,335,142,59,57,3355914113,Anticlere,335.4609375,-142.5546875,1.0,4.0,0.2871874380264457,0.9349800193549488
Rocks,1,WOD_Rocks_Round_Small_09,98,402,122,122,0,40212212283,Anticlere,402.953125,-123.0,1.0,4.0,0.2637345771841987,0.770855049204275
Rocks,1,WOD_Rocks_Round_Small_07,65,407,120,3,99,4070311955,Anticlere,407.0234375,-120.2265625,1.0,4.0,0.2917292060903352,0.7530910810350598
Rocks,1,WOD_Rocks_Round_Small_06,117,490,142,13,52,4901314108,Anticlere,490.1015625,-142.59375,1.0,4.0,0.437169930166008,0.9725240813502934
Rocks,1,WOD_Rocks_Round_Small_05,-8,358,134,61,98,3586113354,Anticlere,358.4765625,-134.234375,1.0,4.0,0.4463599982007764,0.7949414613765602
Rocks,1,WOD_Rocks_Round_Small_01,-170,416,127,14,39,41614127122,Anticlere,416.109375,-127.6953125,1.0,4.0,0.2840737954660569,0.7927893369446436
Rocks,1,WOD_Rocks_Round_Small_06,-174,480,149,17,111,4801714867,Anticlere,480.1328125,-149.1328125,1.0,4.0,0.3119150354565594,0.9299867838764744
Rocks,1,WOD_Rocks_Round_Small_06,126,456,142,64,47,4566414103,Anticlere,456.5,-142.6328125,1.0,4.0,0.2918181486744216,0.8704039193208146
Rocks,1,WOD_Rocks_Round_Small_08,85,345,155,65,45,34565155128,Anticlere,345.5078125,-155.6484375,1.0,4.0,0.4465456687149154,0.978453570618838
Rocks,1,WOD_Rocks_Round_Small_06,127,338,159,20,91,3382015847,Anticlere,338.15625,-159.2890625,1.0,4.0,0.3580323276847802,0.8996836309480907
Rocks,1,WOD_Rocks_Round_Small_07,-103,492,134,6,82,4920613338,Anticlere,492.046875,-134.359375,1.0,4.0,0.2620536630638512,0.7781900442008087
Rocks,1,WOD_Rocks_Round_Small_02,-126,355,131,51,76,3555113032,Anticlere,355.3984375,-131.40625,1.0,4.0,0.2867404046874605,0.9568209480217088
Rocks,1,WOD_Rocks_Round_Small_05,14,346,142,55,64,3465514120,Anticlere,346.4296875,-142.5,1.0,4.0,0.4244990078896209,0.7981457488885773
Rocks,1,WOD_Rocks_Round_Small_08,40,503,148,55,95,5035514751,Anticlere,503.4296875,-148.2578125,1.0,4.0,0.4371015461264463,0.7599492275483267
Rocks,1,WOD_Rocks_Round_Small_09,-72,336,145,67,21,33667145104,Anticlere,336.5234375,-145.8359375,1.0,4.0,0.3812459847763549,0.87473032366967
Rocks,1,WOD_Rocks_Round_Small_01,62,345,150,41,114,3454114970,Anticlere,345.3203125,-150.109375,1.0,4.0,0.3960135708998756,0.9539392016332746
Rocks,1,WOD_Rocks_Round_Small_01,11,417,117,20,25,41720117108,Anticlere,417.15625,-117.8046875,1.0,4.0,0.3630490355536326,0.8813361987638341
Rocks,1,WOD_Rocks_Round_Small_09,-163,394,127,17,114,3941712670,Anticlere,394.1328125,-127.109375,1.0,4.0,0.3112882165246521,0.7692135961300315
Rocks,1,WOD_Rocks_Round_Small_08,23,343,160,32,53,3433215909,Anticlere,343.25,-160.5859375,1.0,4.0,0.3201879181893295,0.8758908117879252
Rocks,1,WOD_Rocks_Round_Small_01,-36,404,120,0,99,4040011955,Anticlere,404.0,-120.2265625,1.0,4.0,0.3466693271733746,0.8154396707008653
Rocks,1,WOD_Rocks_Round_Small_04,-132,411,126,5,96,4110512552,Anticlere,411.0390625,-126.25,1.0,4.0,0.3523915127031198,0.9359463936883798
Rocks,1,WOD_Rocks_Round_Small_05,-75,345,150,20,0,3452015083,Anticlere,345.15625,-151.0,1.0,4.0,0.2719439198843218,0.8580373443137361
Rocks,1,WOD_Rocks_Round_Small_03,38,475,140,81,18,47581140101,Anticlere,475.6328125,-140.859375,1.0,4.0,0.3299489993264469,0.7605501357445044
Rocks,1,WOD_Rocks_Round_Small_10,-157,340,159,33,98,3403315854,Anticlere,340.2578125,-159.234375,1.0,4.0,0.3995612203170607,0.9369468926176906
Rocks,1,WOD_Rocks_Round_Small_08,-63,400,123,70,22,40070123105,Anticlere,400.546875,-123.828125,1.0,4.0,0.281142748998643,0.8567366849309752
Rocks,1,WOD_Rocks_Round_Small_07,55,411,164,9,114,4110916370,Anticlere,411.0703125,-164.109375,1.0,4.0,0.263828807309359,0.8968744485798863
Rocks,1,WOD_Rocks_Round_Small_02,174,418,126,24,120,4182412576,Anticlere,418.1875,-126.0625,1.0,4.0,0.2749436309263147,0.7998430365299383
Rocks,1,WOD_Rocks_Round_Small_08,-109,359,163,9,64,3590916220,Anticlere,359.0703125,-163.5,1.0,4.0,0.3338489940617161,0.8926922310991585
Rocks,1,WOD_Rocks_Round_Small_04,177,409,127,44,70,4094412626,Anticlere,409.34375,-127.453125,1.0,4.0,0.3249994468962768,0.8990515215139467
Rocks,1,WOD_Rocks_Round_Small_02,-23,456,158,114,48,45611415704,Anticlere,456.890625,-158.625,1.0,4.0,0.2875350304278915,0.9719983762275892
Rocks,1,WOD_Rocks_Round_Small_09,119,418,127,95,33,41895127116,Anticlere,418.7421875,-127.7421875,1.0,4.0,0.3430678698586937,0.957923560929471
Rocks,1,WOD_Rocks_Round_Small_03,36,388,128,6,45,3880612701,Anticlere,388.046875,-128.6484375,1.0,4.0,0.2547228147035371,0.9639778709175056
Rocks,1,WOD_Rocks_Round_Small_09,171,410,128,14,33,41014128116,Anticlere,410.109375,-128.7421875,1.0,4.0,0.4232899206126256,0.9836880208694856
Rocks,1,WOD_Rocks_Round_Small_03,-127,361,158,127,57,36112715713,Anticlere,361.9921875,-158.5546875,1.0,4.0,0.4337592819777104,0.8161892125682839
Rocks,1,WOD_Rocks_Round_Small_08,-99,405,118,83,82,4058311738,Anticlere,405.6484375,-118.359375,1.0,4.0,0.3201741910680488,0.831954824560157
Rocks,1,WOD_Rocks_Round_Small_05,82,436,160,102,122,43610215978,Anticlere,436.796875,-160.046875,1.0,4.0,0.3284370224041899,0.9224037381391964
Rocks,1,WOD_Rocks_Round_Small_09,-47,342,151,127,68,34212715024,Anticlere,342.9921875,-151.46875,1.0,4.0,0.2700324371505895,0.9949433941996598
Rocks,1,WOD_Rocks_Round_Small_07,156,412,124,76,102,4127612358,Anticlere,412.59375,-124.203125,1.0,4.0,0.4442341258989999,0.9763854050921404
Rocks,1,WOD_Rocks_Round_Small_04,-85,336,143,70,63,3367014219,Anticlere,336.546875,-143.5078125,1.0,4.0,0.4280680284031343,0.8783686476268593
Rocks,1,WOD_Rocks_Round_Small_07,-24,334,156,124,27,334124156110,Anticlere,334.96875,-156.7890625,1.0,4.0,0.3926625175888456,0.9892815502867538
Rocks,1,WOD_Rocks_Round_Small_02,155,352,163,61,62,3526116218,Anticlere,352.4765625,-163.515625,1.0,4.0,0.3883903713166494,0.7617211638903941
Rocks,1,WOD_Rocks_Round_Small_03,22,492,158,29,103,4922915759,Anticlere,492.2265625,-158.1953125,1.0,4.0,0.3592246907301685,0.8773784790552722
Rocks,1,WOD_Rocks_Round_Small_03,155,334,147,108,120,33410814676,Anticlere,334.84375,-147.0625,1.0,4.0,0.3916202001956785,0.9308340267689053
Rocks,1,WOD_Rocks_Round_Small_09,-152,343,159,102,91,34310215847,Anticlere,343.796875,-159.2890625,1.0,4.0,0.3789501532988287,0.9350620692522776
Rocks,1,WOD_Rocks_Round_Small_09,-71,410,120,23,44,4102311900,Anticlere,410.1796875,-120.65625,1.0,4.0,0.3258910266838053,0.815815859464716
Rocks,1,WOD_Rocks_Round_Small_03,66,415,124,69,22,41569124105,Anticlere,415.5390625,-124.828125,1.0,5.0,0.2748009434840187,0.8677764712553263
Rocks,1,WOD_Rocks_Round_Small_09,-161,404,124,97,73,4049712329,Anticlere,404.7578125,-124.4296875,1.0,5.0,0.3383224610749448,0.9187442053605932
Rocks,1,WOD_Rocks_Round_Small_04,-7,408,124,24,44,4082412300,Anticlere,408.1875,-124.65625,1.0,5.0,0.3762613157970478,0.7730354211719687
Rocks,1,WOD_Rocks_Round_Small_08,149,344,149,69,1,3446914984,Anticlere,344.5390625,-149.9921875,1.0,5.0,0.4022121905291353,0.989473485944528
Rocks,1,WOD_Rocks_Round_Small_10,154,407,125,124,36,407124125119,Anticlere,407.96875,-125.71875,1.0,5.0,0.4101120841915717,0.8337917661756749
Rocks,1,WOD_Rocks_Round_Small_03,-53,409,124,127,14,40912712497,Anticlere,409.9921875,-124.890625,1.0,5.0,0.4178861200325179,0.7986650825858359
Rocks,1,WOD_Rocks_Round_Small_09,-30,412,121,31,45,41231121128,Anticlere,412.2421875,-121.6484375,1.0,5.0,0.2562014049913482,0.9810526868351296
Rocks,1,WOD_Rocks_Round_Small_08,-178,348,157,60,49,3486015605,Anticlere,348.46875,-157.6171875,1.0,5.0,0.3541497647901578,0.9767173456726332
Rocks,1,WOD_Rocks_Round_Small_02,-88,343,145,63,54,3436314410,Anticlere,343.4921875,-145.578125,1.0,5.0,0.3439949777348822,0.9526691289901904
Rocks,1,WOD_Rocks_Round_Small_10,118,416,121,13,75,4161312031,Anticlere,416.1015625,-121.4140625,1.0,5.0,0.3721625685057345,0.8080758796301065
Rocks,1,WOD_Rocks_Round_Small_09,177,347,147,64,80,3476414636,Anticlere,347.5,-147.375,1.0,5.0,0.326016245388286,0.8623151397797062
Rocks,1,WOD_Rocks_Round_Small_10,149,410,122,33,35,41033122118,Anticlere,410.2578125,-122.7265625,1.0,5.0,0.348232995829379,0.7998451878700137
Rocks,1,WOD_Rocks_Round_Small_02,-131,344,159,109,13,34410915996,Anticlere,344.8515625,-159.8984375,1.0,5.0,0.3122511663588641,0.8009406324596003
Rocks,1,WOD_Rocks_Round_Small_06,-141,358,133,27,111,3582713267,Anticlere,358.2109375,-133.1328125,1.0,5.0,0.3685701521067192,0.969361711149125
Rocks,1,WOD_Rocks_Round_Small_09,-97,406,123,54,21,40654123104,Anticlere,406.421875,-123.8359375,1.0,5.0,0.3934641899738935,0.8891502379333871
Rocks,1,WOD_Rocks_Round_Small_02,25,413,121,82,80,4138212036,Anticlere,413.640625,-121.375,1.0,5.0,0.3217749819942315,0.997658933801941
Rocks,1,WOD_Rocks_Round_Small_03,74,343,146,35,61,3433514517,Anticlere,343.2734375,-146.5234375,1.0,5.0,0.3113677609873078,0.937519256009138
Rocks,1,WOD_Rocks_Round_Small_04,-133,344,160,38,107,3443815963,Anticlere,344.296875,-160.1640625,1.0,5.0,0.4119402771922701,0.8248337087763757
Rocks,1,WOD_Rocks_Round_Small_01,159,348,161,61,107,3486116063,Anticlere,348.4765625,-161.1640625,1.0,5.0,0.2727237709998519,0.8623963293240489
Rocks,1,WOD_Rocks_Round_Small_04,45,411,123,58,89,4115812245,Anticlere,411.453125,-123.3046875,1.0,5.0,0.3085592073277958,0.8141360013334944
Rocks,1,WOD_Rocks_Round_Small_09,-62,409,121,37,77,4093712033,Anticlere,409.2890625,-121.3984375,1.0,5.0,0.3747853031257283,0.7734876061308997
Rocks,1,WOD_Rocks_Round_Small_03,-39,406,127,10,76,4061012632,Anticlere,406.078125,-127.40625,1.0,5.0,0.3152418515584033,0.9406524538350234
Rocks,1,WOD_Rocks_Round_Small_07,28,404,125,101,70,40410112426,Anticlere,404.7890625,-125.453125,1.0,5.0,0.3752649375595215,0.9709197698491904
Rocks,1,WOD_Rocks_Round_Small_02,146,408,125,51,10,4085112593,Anticlere,408.3984375,-125.921875,1.0,5.0,0.3752734860533012,0.98965988071665
Rocks,1,WOD_Rocks_Round_Small_10,150,356,132,69,22,35669132105,Anticlere,356.5390625,-132.828125,1.0,5.0,0.2748453432790851,0.8760726809897399
Rocks,1,WOD_Rocks_Round_Small_07,-101,343,157,28,59,3432815615,Anticlere,343.21875,-157.5390625,1.0,5.0,0.2855917407308369,0.8687849470486084
Rocks,1,WOD_Rocks_Round_Small_07,125,357,162,123,33,357123162116,Anticlere,357.9609375,-162.7421875,1.0,5.0,0.4395635991205652,0.9832460002212752
Rocks,1,WOD_Rocks_Round_Small_02,134,408,125,1,71,4080112427,Anticlere,408.0078125,-125.4453125,1.0,5.0,0.4044940344106954,0.9065456977106968
Rocks,1,WOD_Rocks_Round_Small_09,-18,349,145,40,40,34940145123,Anticlere,349.3125,-145.6875,1.0,5.0,0.3395380444120586,0.954954640376435
Rocks,1,WOD_Rocks_Round_Small_03,-1,346,160,54,26,34654160109,Anticlere,346.421875,-160.796875,1.0,5.0,0.3630255931525925,0.874847308363792
Rocks,1,WOD_Rocks_Round_Small_04,-42,347,145,109,57,34710914413,Anticlere,347.8515625,-145.5546875,1.0,5.0,0.2811437060200373,0.9303083957335738
Rocks,1,WOD_Rocks_Round_Small_06,-14,407,127,115,37,407115127120,Anticlere,407.8984375,-127.7109375,1.0,5.0,0.3658863904416098,0.888963302321317
Rocks,1,WOD_Rocks_Round_Small_03,150,407,125,35,19,40735125102,Anticlere,407.2734375,-125.8515625,1.0,5.0,0.4422063589575056,0.872606429769615
Rocks,1,WOD_Rocks_Round_Small_07,-43,356,132,55,109,3565513165,Anticlere,356.4296875,-132.1484375,1.0,5.0,0.4419105081452251,0.9980466285945352
Rocks,1,WOD_Rocks_Round_Small_03,79,348,146,106,86,34810614542,Anticlere,348.828125,-146.328125,1.0,5.0,0.3958799506789341,0.7787769746021848
Rocks,1,WOD_Rocks_Round_Small_06,-168,349,156,91,17,34991156100,Anticlere,349.7109375,-156.8671875,1.0,5.0,0.3377498668576089,0.8831603131180176
Rocks,1,WOD_Rocks_Round_Small_09,127,409,125,101,10,40910112593,Anticlere,409.7890625,-125.921875,1.0,5.0,0.443761261744741,0.7768259216426563
Rocks,1,WOD_Rocks_Round_Small_07,5,335,157,77,27,33577157110,Anticlere,335.6015625,-157.7890625,1.0,5.0,0.2642605737015618,0.8960463746712491
Rocks,1,WOD_Rocks_Round_Small_04,-20,406,125,22,68,4062212424,Anticlere,406.171875,-125.46875,1.0,5.0,0.3771454595337077,0.8891438818274928
Rocks,1,WOD_Rocks_Round_Small_04,-128,409,122,114,105,40911412161,Anticlere,409.890625,-122.1796875,1.0,5.0,0.4316529291872544,0.8666673675600354
Rocks,1,WOD_Rocks_Round_Small_02,100,354,130,81,9,3548113092,Anticlere,354.6328125,-130.9296875,1.0,5.0,0.2835617596119502,0.8281360171263679
Rocks,1,WOD_Rocks_Round_Small_03,-99,347,156,122,1,34712215684,Anticlere,347.953125,-156.9921875,1.0,5.0,0.3564295733120747,0.7794910875339541
Rocks,1,WOD_Rocks_Round_Small_06,40,408,122,87,8,4088712291,Anticlere,408.6796875,-122.9375,1.0,5.0,0.3266112976497255,0.9512143705875508
Rocks,1,WOD_Rocks_Round_Small_03,16,342,185,116,117,34211618473,Anticlere,342.90625,-185.0859375,1.0,5.0,0.4492839327954775,0.7827342776425732
Rocks,1,WOD_Rocks_Round_Small_05,-73,349,156,35,79,3493515535,Anticlere,349.2734375,-156.3828125,1.0,5.0,0.3169267679221951,0.910175369732227
Rocks,1,WOD_Rocks_Round_Small_06,129,407,124,17,104,4071712360,Anticlere,407.1328125,-124.1875,1.0,5.0,0.3662536337857303,0.8792659345686593
Rocks,1,WOD_Rocks_Round_Small_10,121,410,125,50,9,4105012592,Anticlere,410.390625,-125.9296875,1.0,5.0,0.390991099466294,0.8200107141594759
Rocks,1,WOD_Rocks_Round_Small_04,135,405,125,19,44,40519125127,Anticlere,405.1484375,-125.65625,1.0,5.0,0.3483835568725851,0.854757742138011
Rocks,1,WOD_Rocks_Round_Small_02,-180,348,147,97,63,3489714619,Anticlere,348.7578125,-147.5078125,1.0,5.0,0.2784498230036081,0.8441143307805781
Rocks,1,WOD_Rocks_Round_Small_04,-132,412,122,84,53,4128412109,Anticlere,412.65625,-122.5859375,1.0,5.0,0.3991007112844432,0.7705054951995354
Rocks,1,WOD_Rocks_Round_Small_05,38,408,122,79,54,4087912110,Anticlere,408.6171875,-122.578125,1.0,5.0,0.3638894600995103,0.990589515941115
Rocks,1,WOD_Rocks_Round_Small_06,-8,348,145,106,117,34810614473,Anticlere,348.828125,-145.0859375,1.0,5.0,0.3120269978433126,0.9440281446589284
Rocks,1,WOD_Rocks_Round_Small_08,105,359,132,19,105,3591913161,Anticlere,359.1484375,-132.1796875,1.0,5.0,0.3014774395297286,0.899895310794445
Rocks,1,WOD_Rocks_Round_Small_04,174,358,167,67,32,35867167115,Anticlere,358.5234375,-167.75,1.0,5.0,0.4313937151292443,0.9792333478247612
Rocks,1,WOD_Rocks_Round_Small_03,62,347,147,101,108,34710114664,Anticlere,347.7890625,-147.15625,1.0,5.0,0.2709738956269545,0.8464653403806648
Rocks,1,WOD_Rocks_Round_Small_05,-172,346,176,100,102,34610017558,Anticlere,346.78125,-176.203125,1.0,5.0,0.3203374763250283,0.9545006080696088
Rocks,1,WOD_Rocks_Round_Small_03,-33,357,133,42,88,3574213244,Anticlere,357.328125,-133.3125,1.0,5.0,0.3433357758299729,0.9366936750289574
Rocks,1,WOD_Rocks_Round_Small_02,-171,350,163,106,45,35010616201,Anticlere,350.828125,-163.6484375,1.0,5.0,0.3009720809375459,0.7676265633698309
Rocks,1,WOD_Rocks_Round_Small_02,-131,343,156,115,14,34311515697,Anticlere,343.8984375,-156.890625,1.0,5.0,0.3194569268665598,0.8987056749101842
Rocks,1,WOD_Rocks_Round_Small_07,-26,355,130,24,103,3552412959,Anticlere,355.1875,-130.1953125,1.0,5.0,0.3152861915686503,0.8304677938321734
Rocks,1,WOD_Rocks_Round_Small_03,-55,436,159,52,117,4365215873,Anticlere,436.40625,-159.0859375,1.0,5.0,0.2819586175903557,0.8471604844575118
Rocks,1,WOD_Rocks_Round_Small_04,-27,408,121,125,50,40812512006,Anticlere,408.9765625,-121.609375,1.0,5.0,0.3532802688043068,0.9370677102923126
Rocks,1,WOD_Rocks_Round_Small_09,-148,408,124,97,1,4089712484,Anticlere,408.7578125,-124.9921875,1.0,5.0,0.3456503751031174,0.7844441953940402
Rocks,1,WOD_Rocks_Round_Small_01,-45,407,123,13,102,4071312258,Anticlere,407.1015625,-123.203125,1.0,5.0,0.3603693690024451,0.7982396961764908
Rocks,1,WOD_Rocks_Round_Small_05,120,416,122,9,71,4160912127,Anticlere,416.0703125,-122.4453125,1.0,5.0,0.4136347344413257,0.982302991904966
Rocks,1,WOD_Rocks_Round_Small_03,53,409,125,41,125,4094112481,Anticlere,409.3203125,-125.0234375,1.0,5.0,0.2527852871154145,0.8778725130033254
Rocks,1,WOD_Rocks_Round_Small_09,34,354,131,12,70,3541213026,Anticlere,354.09375,-131.453125,1.0,5.0,0.2635572431567929,0.9169575211078154
Rocks,1,WOD_Rocks_Round_Small_03,-95,408,126,67,125,4086712581,Anticlere,408.5234375,-126.0234375,1.0,5.0,0.416272487601473,0.971084094210774
Rocks,1,WOD_Rocks_Round_Small_05,174,354,129,124,67,35412412823,Anticlere,354.96875,-129.4765625,1.0,5.0,0.2528471161296268,0.9944908018089652
Rocks,1,WOD_Rocks_Round_Small_03,-45,345,145,106,50,34510614406,Anticlere,345.828125,-145.609375,1.0,5.0,0.4081571289339784,0.914577972082094
Rocks,1,WOD_Rocks_Round_Small_10,-55,409,123,0,84,4090012240,Anticlere,409.0,-123.34375,1.0,5.0,0.4002012256849159,0.8971310975089501
Rocks,1,WOD_Rocks_Round_Small_08,116,346,145,65,75,3466514431,Anticlere,346.5078125,-145.4140625,1.0,5.0,0.373949525611085,0.9918389338621392
Rocks,1,WOD_Rocks_Round_Small_06,-160,346,160,102,52,34610215908,Anticlere,346.796875,-160.59375,1.0,5.0,0.3217267406267755,0.9638344650208428
Rocks,1,WOD_Rocks_Round_Small_03,-94,405,122,113,26,405113122109,Anticlere,405.8828125,-122.796875,1.0,5.0,0.3154566174671395,0.7771983965379254
Rocks,1,WOD_Rocks_Round_Small_03,-62,406,124,100,100,40610012356,Anticlere,406.78125,-124.21875,1.0,5.0,0.4099773727548744,0.9927307689533214
Rocks,1,WOD_Rocks_Round_Small_09,120,406,124,102,10,40610212493,Anticlere,406.796875,-124.921875,1.0,5.0,0.3853368579174287,0.965854698916254
Rocks,1,WOD_Rocks_Round_Small_09,-14,406,123,22,28,40622123111,Anticlere,406.171875,-123.78125,1.0,5.0,0.2666469778833377,0.8338574087750387
Rocks,1,WOD_Rocks_Round_Small_06,-142,404,126,54,68,4045412524,Anticlere,404.421875,-126.46875,1.0,5.0,0.4035777117128061,0.9694252598269908
Rocks,1,WOD_Rocks_Round_Small_02,180,348,146,31,113,3483114569,Anticlere,348.2421875,-146.1171875,1.0,5.0,0.3066125465669819,0.9435379951963474
Rocks,1,WOD_Rocks_Round_Small_07,17,411,120,55,103,4115511959,Anticlere,411.4296875,-120.1953125,1.0,5.0,0.3362267629875567,0.9057448898164926
Rocks,1,WOD_Rocks_Round_Small_05,134,347,146,114,79,34711414535,Anticlere,347.890625,-146.3828125,1.0,6.0,0.252807065439918,0.8096942183735647
Rocks,1,WOD_Rocks_Round_Small_06,-155,347,146,97,23,34797146106,Anticlere,347.7578125,-146.8203125,1.0,6.0,0.3886622051694779,0.8716990093766879
Rocks,1,WOD_Rocks_Round_Small_06,105,358,132,115,31,35811513231,Anticlere,358.8984375,-132.7578125,1.0,5.0,0.3175336719861245,0.7722343719691005
Rocks,1,WOD_Rocks_Round_Small_03,-59,436,158,54,10,4365415810,Anticlere,436.421875,-158.921875,1.0,5.0,0.3736236475100553,0.773970779819743
Rocks,1,WOD_Rocks_Round_Small_09,-37,407,127,123,5,40712312705,Anticlere,407.9609375,-127.9609375,1.0,5.0,0.2711566170966356,0.892561998390466
Rocks,1,WOD_Rocks_Round_Small_05,-155,349,146,23,123,34923146123,Anticlere,349.1796875,-146.0390625,1.0,5.0,0.3778460625215648,0.7730530812931427
Rocks,1,WOD_Rocks_Round_Small_04,29,406,127,93,124,40693127124,Anticlere,406.7265625,-127.03125,1.0,5.0,0.4289759587586064,0.8926004917206318
Rocks,1,WOD_Rocks_Round_Small_08,-32,355,132,91,24,3559113224,Anticlere,355.7109375,-132.8125,1.0,5.0,0.4323703576134901,0.7867365303578294
Rocks,1,WOD_Rocks_Round_Small_04,-126,347,157,55,111,34755157111,Anticlere,347.4296875,-157.1328125,1.0,5.0,0.3806185944959603,0.9207524491462454
Rocks,1,WOD_Rocks_Round_Small_10,81,346,175,17,32,3461717532,Anticlere,346.1328125,-175.75,1.0,5.0,0.3180179042988042,0.8168339319697268
Rocks,1,WOD_Rocks_Round_Small_01,38,339,151,95,91,3399515191,Anticlere,339.7421875,-151.2890625,1.0,5.0,0.3777461504274335,0.8203901459869378
Rocks,1,WOD_Rocks_Round_Small_01,-163,411,124,17,111,41117124111,Anticlere,411.1328125,-124.1328125,1.0,5.0,0.3318464676372059,0.7616180626225086
Rocks,1,WOD_Rocks_Round_Small_01,69,408,122,128,52,40812812252,Anticlere,409.0,-122.59375,1.0,5.0,0.3562151994541041,0.7656012002862276
Rocks,1,WOD_Rocks_Round_Small_02,114,358,133,4,32,3580413332,Anticlere,358.03125,-133.75,1.0,5.0,0.3186998101423235,0.863831995114236
Rocks,1,WOD_Rocks_Round_Small_05,105,347,177,31,78,3473117778,Anticlere,347.2421875,-177.390625,1.0,5.0,0.4063487115481693,0.8197319802826855
Rocks,1,WOD_Rocks_Round_Small_10,-16,343,146,58,100,34358146100,Anticlere,343.453125,-146.21875,1.0,5.0,0.4438177489342209,0.8171713569708332
Rocks,1,WOD_Rocks_Round_Small_09,-147,407,124,4,99,4070412499,Anticlere,407.03125,-124.2265625,1.0,5.0,0.3439109333054211,0.9262317128686678
Rocks,1,WOD_Rocks_Round_Small_01,-56,408,124,31,100,40831124100,Anticlere,408.2421875,-124.21875,1.0,5.0,0.2940781741226008,0.9801795098973216
Rocks,1,WOD_Rocks_Round_Small_06,-123,348,147,35,76,3483514776,Anticlere,348.2734375,-147.40625,1.0,5.0,0.3820330361300553,0.9772973837871992
Rocks,1,WOD_Rocks_Round_Small_02,-96,342,157,122,29,34212215729,Anticlere,342.953125,-157.7734375,1.0,5.0,0.4188193921855152,0.9896254790972628
Rocks,1,WOD_Rocks_Round_Small_07,-66,415,124,74,22,4157412422,Anticlere,415.578125,-124.828125,1.0,5.0,0.4340578740599941,0.7840518643400485
Rocks,1,WOD_Rocks_Round_Small_03,151,408,126,109,120,408109126120,Anticlere,408.8515625,-126.0625,1.0,5.0,0.4253584773050062,0.985898227147927
Rocks,1,WOD_Rocks_Round_Small_02,174,416,121,40,84,4164012184,Anticlere,416.3125,-121.34375,1.0,5.0,0.4080104604674116,0.7551380383290027
Rocks,1,WOD_Rocks_Round_Small_06,-119,344,160,40,88,3444016088,Anticlere,344.3125,-160.3125,1.0,5.0,0.3814417433956736,0.9025916752885949
Rocks,1,WOD_Rocks_Round_Small_07,53,344,160,86,81,3448616081,Anticlere,344.671875,-160.3671875,1.0,5.0,0.4260435820210088,0.80521643919619
Rocks,1,WOD_Rocks_Round_Small_04,-74,357,133,12,116,35712133116,Anticlere,357.09375,-133.09375,1.0,5.0,0.3045758800219784,0.865952203707276
Rocks,1,WOD_Rocks_Round_Small_09,92,412,125,61,124,41261125124,Anticlere,412.4765625,-125.03125,1.0,5.0,0.2901879115044306,0.9541647101984996
Rocks,1,WOD_Rocks_Round_Small_01,-162,348,157,14,104,34814157104,Anticlere,348.109375,-157.1875,1.0,5.0,0.3393289805939794,0.8818230492953731
Rocks,1,WOD_Rocks_Round_Small_09,122,414,122,51,12,4145112212,Anticlere,414.3984375,-122.90625,1.0,5.0,0.3504982117215023,0.8971165706183193
Rocks,1,WOD_Rocks_Round_Small_09,101,359,133,119,26,35911913326,Anticlere,359.9296875,-133.796875,1.0,5.0,0.2870616730161996,0.8747781725071004
Rocks,1,WOD_Rocks_Round_Small_05,44,346,159,110,10,34611015910,Anticlere,346.859375,-159.921875,1.0,5.0,0.3330654767846829,0.9368587887397548
Rocks,1,WOD_Rocks_Round_Small_07,40,407,124,114,87,40711412487,Anticlere,407.890625,-124.3203125,1.0,5.0,0.3760598180600585,0.7775615536938649
Rocks,1,WOD_Rocks_Round_Small_03,93,406,125,14,104,40614125104,Anticlere,406.109375,-125.1875,1.0,5.0,0.2891642785717857,0.9839946126453232
Rocks,1,WOD_Rocks_Round_Small_09,124,409,125,111,73,40911112573,Anticlere,409.8671875,-125.4296875,1.0,5.0,0.3263326899286427,0.8546547168581722
Rocks,1,WOD_Rocks_Round_Small_04,-108,410,125,6,47,4100612547,Anticlere,410.046875,-125.6328125,1.0,5.0,0.3068972856693102,0.9127346271778608
Rocks,1,WOD_Rocks_Round_Small_05,148,405,124,111,124,405111124124,Anticlere,405.8671875,-124.03125,1.0,5.0,0.3428461089229407,0.753845695041284
Rocks,1,WOD_Rocks_Round_Small_06,-102,412,121,20,42,4122012142,Anticlere,412.15625,-121.671875,1.0,5.0,0.4017931201367454,0.805566568165385
Rocks,1,WOD_Rocks_Round_Small_04,6,358,163,42,104,35842163104,Anticlere,358.328125,-163.1875,1.0,5.0,0.3183020930776641,0.9085617631427554
Rocks,1,WOD_Rocks_Round_Small_07,-122,345,146,86,69,3458614669,Anticlere,345.671875,-146.4609375,1.0,5.0,0.2790665752527491,0.8180706738212171
Rocks,1,WOD_Rocks_Round_Small_07,68,407,123,74,127,40774123127,Anticlere,407.578125,-123.0078125,1.0,5.0,0.4107951972047152,0.8678289799738235
Rocks,1,WOD_Rocks_Round_Small_08,-58,345,176,88,106,34588176106,Anticlere,345.6875,-176.171875,1.0,5.0,0.413359616892238,0.9081173276235752
Rocks,1,WOD_Rocks_Round_Small_07,-14,407,122,69,95,4076912295,Anticlere,407.5390625,-122.2578125,1.0,5.0,0.4022069163994141,0.8762919325116083
Rocks,1,WOD_Rocks_Round_Small_01,108,411,125,70,35,4117012535,Anticlere,411.546875,-125.7265625,1.0,5.0,0.2537750314336167,0.8284938985791128
Rocks,1,WOD_Rocks_Round_Small_01,-154,358,162,125,77,35812516277,Anticlere,358.9765625,-162.3984375,1.0,5.0,0.2877728472209544,0.7761630497544727
Rocks,1,WOD_Rocks_Round_Small_04,-14,358,162,111,106,358111162106,Anticlere,358.8671875,-162.171875,1.0,5.0,0.2771046211544173,0.794815663109968
Rocks,1,WOD_Rocks_Round_Small_04,-89,339,151,41,59,3394115159,Anticlere,339.3203125,-151.5390625,1.0,5.0,0.3496266286856865,0.7731810777632393
Rocks,1,WOD_Rocks_Round_Small_04,-99,344,146,55,58,3445514658,Anticlere,344.4296875,-146.546875,1.0,5.0,0.3729295412265501,0.8803386867832865
Rocks,1,WOD_Rocks_Round_Small_07,167,348,161,46,127,34846161127,Anticlere,348.359375,-161.0078125,1.0,5.0,0.2645331650737155,0.9927810129395808
Rocks,1,WOD_Rocks_Round_Small_10,-10,332,149,73,95,3327314995,Anticlere,332.5703125,-149.2578125,1.0,5.0,0.3517070353612066,0.8094453592159041
Rocks,1,WOD_Rocks_Round_Small_09,-26,408,123,108,61,40810812361,Anticlere,408.84375,-123.5234375,1.0,5.0,0.4093601252579787,0.7889777770103079
Rocks,1,WOD_Rocks_Round_Small_05,-107,338,150,120,18,33812015018,Anticlere,338.9375,-150.859375,1.0,5.0,0.3549904351658566,0.814345672310786
Rocks,1,WOD_Rocks_Round_Small_04,-155,409,120,127,17,40912712017,Anticlere,409.9921875,-120.8671875,1.0,5.0,0.3389339185899341,0.9919915998037104
Rocks,1,WOD_Rocks_Round_Small_04,138,407,123,116,50,40711612350,Anticlere,407.90625,-123.609375,1.0,5.0,0.3301480015739499,0.8466123190169901
Rocks,1,WOD_Rocks_Round_Small_06,-23,347,177,69,116,34769177116,Anticlere,347.5390625,-177.09375,1.0,5.0,0.3630070947134386,0.9244068028141876
Rocks,1,WOD_Rocks_Round_Small_04,93,415,121,5,74,4150512174,Anticlere,415.0390625,-121.421875,1.0,5.0,0.3726160331258858,0.9586715889323826
Rocks,1,WOD_Rocks_Round_Small_01,10,415,123,119,70,41511912370,Anticlere,415.9296875,-123.453125,1.0,5.0,0.4198884347952495,0.8240876911542865
Rocks,1,WOD_Rocks_Round_Small_08,-169,408,122,27,32,4082712232,Anticlere,408.2109375,-122.75,1.0,5.0,0.341955934364305,0.9651294215450322
Rocks,1,WOD_Rocks_Round_Small_04,-22,355,129,59,67,3555912967,Anticlere,355.4609375,-129.4765625,1.0,5.0,0.4200273108841705,0.7890830415445054
Rocks,1,WOD_Rocks_Round_Small_08,-179,406,123,50,54,4065012354,Anticlere,406.390625,-123.578125,1.0,5.0,0.2833688893469139,0.982864684353764
Rocks,1,WOD_Rocks_Round_Small_01,-30,342,157,35,111,34235157111,Anticlere,342.2734375,-157.1328125,1.0,5.0,0.3854059272510456,0.9125514953954548
Rocks,1,WOD_Rocks_Round_Small_01,-161,347,145,44,123,34744145123,Anticlere,347.34375,-145.0390625,1.0,5.0,0.3484109382828547,0.7856491987276113
Rocks,1,WOD_Rocks_Round_Small_08,-157,415,123,109,32,41510912332,Anticlere,415.8515625,-123.75,1.0,5.0,0.316155978924231,0.9417734939775066
Rocks,1,WOD_Rocks_Round_Small_10,103,358,133,17,29,3581713329,Anticlere,358.1328125,-133.7734375,1.0,5.0,0.4459468684654012,0.8203953845902967
Rocks,1,WOD_Rocks_Round_Small_02,-42,406,124,52,70,4065212470,Anticlere,406.40625,-124.453125,1.0,5.0,0.3790197447487227,0.7740286442119458
Rocks,1,WOD_Rocks_Round_Small_01,38,343,145,36,72,3433614572,Anticlere,343.28125,-145.4375,1.0,5.0,0.3827931573381854,0.7510274309539711
Rocks,1,WOD_Rocks_Round_Small_01,-135,348,146,118,12,34811814612,Anticlere,348.921875,-146.90625,1.0,5.0,0.283878940487964,0.7874988149256967
Rocks,1,WOD_Rocks_Round_Small_03,-158,410,124,109,10,41010912410,Anticlere,410.8515625,-124.921875,1.0,5.0,0.3896180032096105,0.8508916634834646
Rocks,1,WOD_Rocks_Round_Small_07,14,410,121,99,24,4109912124,Anticlere,410.7734375,-121.8125,1.0,5.0,0.3380563234604543,0.92382851093261
Rocks,1,WOD_Rocks_Round_Small_03,86,412,121,106,59,41210612159,Anticlere,412.828125,-121.5390625,1.0,5.0,0.3284640138963971,0.978509591189386
Rocks,1,WOD_Rocks_Round_Small_05,2,406,126,84,64,4068412664,Anticlere,406.65625,-126.5,1.0,5.0,0.3317236856442656,0.7873070703936341
Rocks,1,WOD_Rocks_Round_Small_03,-91,345,146,93,19,3459314619,Anticlere,345.7265625,-146.8515625,1.0,5.0,0.3942234770581707,0.9447482885817944
Rocks,1,WOD_Rocks_Round_Small_08,-111,357,133,125,45,35712513345,Anticlere,357.9765625,-133.6484375,1.0,5.0,0.2897461855529057,0.8272521452403271
Rocks,1,WOD_Rocks_Round_Small_06,119,346,160,41,99,3464116099,Anticlere,346.3203125,-160.2265625,1.0,5.0,0.2611004840057012,0.825302339176201
Rocks,1,WOD_Rocks_Round_Small_06,-14,409,121,6,47,4090612147,Anticlere,409.046875,-121.6328125,1.0,5.0,0.3423300050130381,0.8072719973637488
Rocks,1,WOD_Rocks_Round_Small_02,-23,341,157,128,46,34112815746,Anticlere,342.0,-157.640625,1.0,5.0,0.4104558003756566,0.8255767425920689
Rocks,1,WOD_Rocks_Round_Small_02,44,409,124,110,31,40911012431,Anticlere,409.859375,-124.7578125,1.0,5.0,0.402780459574001,0.8851321314395286
Rocks,1,WOD_Rocks_Round_Small_04,-146,347,160,33,116,34733160116,Anticlere,347.2578125,-160.09375,1.0,5.0,0.4451671377636949,0.9077308403049766
Rocks,1,WOD_Rocks_Round_Small_02,104,411,124,65,31,4116512431,Anticlere,411.5078125,-124.7578125,1.0,5.0,0.363515901325259,0.791472032578112
Rocks,1,WOD_Rocks_Round_Small_03,-10,347,160,27,50,3472716050,Anticlere,347.2109375,-160.609375,1.0,5.0,0.3916803167627345,0.9247020210400934
Rocks,1,WOD_Rocks_Round_Small_05,-38,409,125,19,15,4091912515,Anticlere,409.1484375,-125.8828125,1.0,5.0,0.3731615374276126,0.9158258740437218
Rocks,1,WOD_Rocks_Round_Small_01,133,407,125,109,74,40710912574,Anticlere,407.8515625,-125.421875,1.0,5.0,0.2542535075637497,0.7905148799247876
Rocks,1,WOD_Rocks_Round_Small_02,60,410,122,33,23,4103312223,Anticlere,410.2578125,-122.8203125,1.0,5.0,0.2835553634702296,0.9627071582627426
Rocks,1,WOD_Rocks_Round_Small_07,61,348,144,99,56,3489914456,Anticlere,348.7734375,-144.5625,1.0,5.0,0.3002300686300377,0.9221042801359416
Rocks,1,WOD_Rocks_Round_Small_10,104,350,163,52,81,3505216381,Anticlere,350.40625,-163.3671875,1.0,5.0,0.4233997665269461,0.8400387262770189
Rocks,1,WOD_Rocks_Round_Small_08,-8,349,157,1,122,34901157122,Anticlere,349.0078125,-157.046875,1.0,5.0,0.380390646033077,0.9519079732654208
Rocks,1,WOD_Rocks_Round_Small_05,-141,407,126,86,120,40786126120,Anticlere,407.671875,-126.0625,1.0,5.0,0.3625255641358993,0.8082061791764921
Rocks,1,WOD_Rocks_Round_Small_01,27,409,123,24,83,4092412383,Anticlere,409.1875,-123.3515625,1.0,5.0,0.3982924454538661,0.8512745875313035
Rocks,1,WOD_Rocks_Round_Small_06,-59,436,159,37,52,4363715952,Anticlere,436.2890625,-159.59375,1.0,5.0,0.2689574770136608,0.8439003385816177
Rocks,1,WOD_Rocks_Round_Small_08,-166,356,132,110,76,35611013276,Anticlere,356.859375,-132.40625,1.0,5.0,0.4130304610887619,0.9889597960568172
Rocks,1,WOD_Rocks_Round_Small_06,-150,348,146,93,36,3489314636,Anticlere,348.7265625,-146.71875,1.0,5.0,0.3906414696233545,0.8005462032750512
Rocks,1,WOD_Rocks_Round_Small_04,-179,346,146,72,92,3467214692,Anticlere,346.5625,-146.28125,1.0,5.0,0.3188270830561456,0.7957330110993954
Rocks,1,WOD_Rocks_Round_Small_10,81,412,123,33,99,4123312399,Anticlere,412.2578125,-123.2265625,1.0,5.0,0.3327594793029294,0.9713123942525156
Rocks,1,WOD_Rocks_Round_Small_01,-70,407,123,99,93,4079912393,Anticlere,407.7734375,-123.2734375,1.0,5.0,0.3246278866115005,0.9682847238562984
Rocks,1,WOD_Rocks_Round_Small_07,-34,406,123,92,18,4069212318,Anticlere,406.71875,-123.859375,1.0,5.0,0.3435365346355876,0.8932255258381062
Rocks,1,WOD_Rocks_Round_Small_02,139,407,125,88,77,4078812577,Anticlere,407.6875,-125.3984375,1.0,5.0,0.4345881573932293,0.9064884416265528
Rocks,1,WOD_Rocks_Round_Small_06,-38,344,159,118,26,34411815926,Anticlere,344.921875,-159.796875,1.0,5.0,0.4168131630265612,0.7812450610879091
Rocks,1,WOD_Rocks_Round_Small_07,73,409,123,3,73,4090312373,Anticlere,409.0234375,-123.4296875,1.0,5.0,0.2754454612673169,0.9246279897380127
Rocks,1,WOD_Rocks_Round_Small_01,112,354,129,124,37,35412412937,Anticlere,354.96875,-129.7109375,1.0,5.0,0.2937242977188753,0.8429098339318869
Rocks,1,WOD_Rocks_Round_Small_04,-61,409,121,35,84,4093512184,Anticlere,409.2734375,-121.34375,1.0,5.0,0.3971933805126723,0.9093431833135304
Rocks,1,WOD_Rocks_Round_Small_01,-172,409,121,122,125,409122121125,Anticlere,409.953125,-121.0234375,1.0,5.0,0.4220229595021562,0.9514300547712004
Rocks,1,WOD_Rocks_Round_Small_09,140,407,125,37,101,40737125101,Anticlere,407.2890625,-125.2109375,1.0,5.0,0.4473533178164739,0.971333248740212
Rocks,1,WOD_Rocks_Round_Small_10,142,414,123,56,91,4145612391,Anticlere,414.4375,-123.2890625,1.0,5.0,0.4361692417027967,0.7718055547143783
Rocks,1,WOD_Rocks_Round_Small_06,140,408,121,37,118,40837121118,Anticlere,408.2890625,-121.078125,1.0,5.0,0.2971482434894932,0.7954947873628487
Rocks,1,WOD_Rocks_Round_Small_10,161,354,129,115,46,35411512946,Anticlere,354.8984375,-129.640625,1.0,5.0,0.3043839141662535,0.8958346764458127
Rocks,1,WOD_Rocks_Round_Small_07,49,342,145,32,28,3423214528,Anticlere,342.25,-145.78125,1.0,5.0,0.447552558881636,0.8350350892101697
Rocks,1,WOD_Rocks_Round_Small_09,-133,353,131,108,120,353108131120,Anticlere,353.84375,-131.0625,1.0,5.0,0.4354288050901199,0.7633933748782101
Rocks,1,WOD_Rocks_Round_Small_07,2,348,146,59,35,3485914635,Anticlere,348.4609375,-146.7265625,1.0,5.0,0.398137303824847,0.9006849010577131
Rocks,1,WOD_Rocks_Round_Small_09,-179,341,157,105,22,34110515722,Anticlere,341.8203125,-157.828125,1.0,5.0,0.4412949782033793,0.9819321337721062
Rocks,1,WOD_Rocks_Round_Small_04,77,356,132,41,8,3564113208,Anticlere,356.3203125,-132.9375,1.0,5.0,0.3354065413304656,0.7963332302794159
Rocks,1,WOD_Rocks_Round_Small_05,-130,407,122,127,20,40712712220,Anticlere,407.9921875,-122.84375,1.0,5.0,0.3255102408156798,0.8024867048151462
Rocks,1,WOD_Rocks_Round_Small_03,63,357,132,6,19,3570613219,Anticlere,357.046875,-132.8515625,1.0,5.0,0.3250302718796231,0.823363581458907
Rocks,1,WOD_Rocks_Round_Small_09,72,416,121,3,73,4160312173,Anticlere,416.0234375,-121.4296875,1.0,5.0,0.2953320447259159,0.960307579502589
Rocks,1,WOD_Rocks_Round_Small_03,12,406,125,13,65,4061312565,Anticlere,406.1015625,-125.4921875,1.0,5.0,0.389892870130417,0.8631443184251985
Rocks,1,WOD_Rocks_Round_Small_01,-174,344,145,69,105,34469145105,Anticlere,344.5390625,-145.1796875,1.0,5.0,0.2946034257299859,0.8387332857681129
Rocks,1,WOD_Rocks_Round_Small_02,-100,414,123,74,8,4147412308,Anticlere,414.578125,-123.9375,1.0,5.0,0.3794426123673937,0.8786789627738603
Rocks,1,WOD_Rocks_Round_Small_01,20,436,158,13,13,4361315813,Anticlere,436.1015625,-158.8984375,1.0,5.0,0.3249900787268244,0.8979642231900241
